Time,Freq1,Freq2,Freq3,Freq4,Freq5,Freq6,Freq7,Freq8,Freq9,Freq10,Freq11,Freq12,Freq13,Freq14,Freq15,Freq16,Temp1,Temp2,Temp3,Temp4,Temp5,Temp6,Temp7,Temp8,Fan1,Fan2
2,3810,3805,3804,3801,3800,3800,3800,3800,3800,3800,3800,3799,3799,3799,3799,3799,100,97,97,95,93,89,88,84,0,0
3,3878,3865,3845,3806,3801,3800,3800,3800,3800,3800,3799,3799,3799,3799,3799,3796,99,96,95,93,93,88,88,85,0,0
4,3892,3813,3807,3803,3802,3800,3800,3800,3800,3799,3799,3799,3799,3799,3799,3799,100,96,95,93,93,89,88,84,0,0
5,3822,3805,3805,3800,3800,3800,3800,3799,3799,3799,3799,3799,3799,3799,800,800,100,97,95,94,93,89,88,84,0,0
6,3811,3803,3800,3800,3800,3799,3799,3799,3799,3799,3799,3799,3799,3799,3799,3799,100,97,96,95,94,89,89,85,0,0
7,3800,3799,3799,3760,3749,3749,3749,3749,3749,3749,3730,3720,3703,3702,3700,800,100,97,96,95,94,90,89,86,0,0
9,3801,3799,3776,3747,3730,3700,3700,3700,3700,3700,3700,3700,3700,3700,3688,3671,100,97,96,95,94,91,89,86,1489,1499
10,3800,3800,3800,3800,3800,3800,3799,3799,3799,3799,3799,3799,3799,3799,3798,800,100,97,96,95,94,90,89,86,1758,1522
11,3751,3712,3701,3700,3700,3700,3700,3700,3700,3699,3699,3699,3699,3699,3699,3699,100,97,95,95,93,89,89,85,1940,1649
12,3704,3700,3700,3700,3700,3700,3700,3699,3699,3699,3699,3699,3699,3699,3699,3697,100,97,96,95,93,89,89,85,2106,1786
13,3603,3602,3601,3600,3600,3600,3600,3599,3599,3599,3599,3599,3599,3599,3599,3599,100,97,95,94,93,90,89,87,2257,1920
14,3651,3643,3643,3643,3643,3643,3642,3642,3642,3642,3625,3614,3600,3600,3600,3600,100,97,96,95,95,90,89,86,2401,2063
15,3688,3643,3604,3600,3600,3599,3599,3599,3599,3599,3599,3599,3599,3599,3599,3599,99,97,96,94,93,90,89,87,2546,2188
16,3620,3602,3600,3600,3600,3600,3600,3600,3600,3599,3599,3599,3599,3599,3599,800,100,97,96,95,94,90,90,87,2710,2323
17,3600,3508,3506,3503,3500,3500,3500,3500,3500,3499,3499,3499,3499,3499,3499,3499,99,96,95,95,93,90,89,87,2854,2441
19,3606,3600,3600,3600,3600,3600,3600,3599,3599,3599,3599,3599,3599,3599,3599,3599,100,97,95,95,94,90,90,86,3012,2583
20,3600,3600,3600,3600,3600,3600,3600,3600,3599,3599,3599,3599,3599,3599,3599,3599,100,97,95,95,94,90,90,87,3154,2724
21,3785,3706,3700,3700,3700,3699,3699,3699,3699,3699,3699,3699,3699,3699,3699,3699,100,96,95,95,94,90,89,86,3296,2868
22,3600,3600,3600,3599,3599,3599,3599,3599,3599,3599,3599,3599,3599,3599,3599,3599,100,96,95,94,93,89,89,85,3436,3012
23,3617,3599,3599,3599,3598,3584,3574,3574,3574,3574,3574,3574,3574,3574,3573,3570,100,97,95,95,93,91,89,86,3562,3144
24,3604,3603,3600,3600,3600,3600,3600,3599,3599,3599,3599,3599,3599,3599,3599,3599,100,97,96,95,93,91,90,86,3694,3275
25,3598,3592,3569,3567,3523,3523,3523,3523,3523,3523,3523,3523,3523,3512,3503,3501,100,97,95,95,93,90,89,86,3826,3397
26,3609,3608,3600,3600,3600,3600,3600,3600,3599,3599,3599,3599,3599,3599,3599,3599,100,97,95,95,93,91,90,86,3952,3504
28,3600,3570,3521,3521,3521,3521,3521,3521,3521,3521,3521,3512,3505,3502,3501,3500,100,97,95,95,94,91,90,87,3968,3504
29,3600,3600,3600,3600,3600,3599,3599,3599,3599,3599,3599,3599,3599,3599,3593,800,100,96,96,94,94,90,89,87,3942,3492
30,3600,3600,3600,3600,3600,3599,3599,3599,3599,3599,3599,3599,3599,3599,3599,3599,100,96,95,94,93,89,89,86,3938,3484
31,3521,3515,3511,3500,3500,3500,3500,3500,3500,3499,3499,3499,3499,3499,3499,3499,100,96,95,93,93,89,88,85,3937,3484
32,3601,3600,3600,3600,3600,3599,3599,3599,3599,3599,3599,3599,3599,3599,3599,3567,100,96,95,93,93,89,89,85,3935,3484
33,3533,3498,3491,3491,3491,3491,3491,3491,3491,3491,3491,3490,3466,3429,3418,3416,100,96,95,94,93,90,89,86,3937,3484
34,3500,3500,3500,3500,3500,3500,3500,3500,3500,3500,3500,3499,3499,3499,3499,3499,100,96,95,93,92,90,88,85,3937,3484
35,3500,3499,3499,3493,3493,3493,3493,3493,3493,3493,3493,3493,3477,3438,3422,3416,100,97,95,94,93,89,89,86,3935,3484
37,3504,3500,3500,3500,3500,3500,3500,3500,3500,3499,3499,3499,3499,3498,3497,3494,100,97,96,95,93,90,89,87,3935,3483
38,3506,3499,3499,3499,3499,3499,3499,3499,3499,3499,3498,3497,3496,3466,3463,3461,100,97,96,95,94,90,90,86,3934,3484
39,3500,3500,3500,3500,3500,3500,3500,3500,3500,3500,3500,3499,3499,3499,3499,3492,100,96,95,94,93,89,88,85,3937,3484
40,3515,3509,3504,3500,3500,3500,3500,3500,3499,3499,3499,3499,3499,3499,3498,3498,100,96,95,93,93,89,89,85,3937,3484
41,3501,3500,3500,3500,3500,3499,3499,3499,3499,3499,3499,3499,3499,3499,3498,800,100,96,95,94,93,89,89,85,3937,3484
42,3522,3513,3507,3504,3501,3500,3500,3500,3500,3500,3499,3499,3499,3499,3499,3491,100,96,95,94,93,89,89,86,3935,3482
43,3499,3499,3498,3492,3492,3492,3492,3492,3492,3492,3492,3484,3465,3441,3399,3399,100,96,95,94,93,89,89,87,3934,3484
44,3507,3500,3500,3500,3500,3499,3499,3499,3499,3499,3499,3499,3499,3499,3499,3495,100,96,96,94,93,89,88,87,3936,3482
46,3510,3500,3500,3500,3500,3500,3499,3499,3499,3499,3499,3499,3499,3499,3499,3497,100,96,96,94,93,89,88,87,3937,3483
47,3501,3500,3499,3499,3499,3499,3419,3415,3412,3412,3412,3412,3411,3411,3411,3400,100,96,95,94,93,89,88,86,3938,3486
48,3508,3406,3401,3400,3400,3400,3400,3400,3400,3400,3399,3399,3399,3399,3399,3399,100,95,95,93,93,89,87,85,3935,3484
49,3459,3408,3402,3402,3400,3400,3400,3400,3400,3399,3399,3399,3399,3399,3399,3399,100,96,95,93,93,89,89,86,3937,3484
50,3502,3501,3500,3500,3500,3500,3500,3500,3500,3499,3499,3499,3499,3499,3499,3497,100,96,95,94,93,89,89,87,3935,3484
51,3507,3500,3500,3500,3500,3500,3499,3499,3499,3499,3499,3499,3499,3499,3498,3498,100,96,95,93,93,89,89,86,3937,3484
52,3501,3501,3500,3500,3500,3500,3500,3500,3499,3499,3499,3499,3499,3499,3499,3498,100,96,95,94,93,89,89,87,3938,3484
54,3439,3409,3400,3400,3400,3400,3400,3400,3400,3399,3399,3399,3399,3399,3399,3399,100,96,95,94,93,89,89,86,3937,3483
55,3500,3500,3498,3497,3487,3473,3473,3473,3473,3473,3473,3462,3458,3450,3436,3401,100,96,95,94,93,89,89,87,3937,3484
56,3500,3499,3499,3499,3499,3499,3499,3499,3499,3499,3499,3499,3499,3499,3499,3499,100,96,95,94,92,89,88,86,3938,3483
57,3438,3401,3400,3400,3400,3400,3399,3399,3399,3399,3399,3399,3399,3399,3398,3398,100,96,95,93,92,89,87,85,3938,3483
58,3477,3399,3377,3349,3339,3332,3321,3321,3321,3321,3321,3321,3321,3321,3320,3319,100,95,95,93,92,88,87,86,3935,3482
59,3454,3402,3401,3401,3400,3400,3400,3400,3399,3399,3399,3399,3399,3399,3399,3399,100,96,95,93,92,88,88,85,3937,3483
60,3400,3400,3400,3400,3400,3400,3400,3400,3400,3400,3399,3399,3399,3399,3399,800,100,96,95,94,93,89,89,86,3937,3484
62,3505,3500,3500,3500,3500,3500,3500,3499,3499,3499,3499,3499,3494,3490,3464,3449,100,96,95,93,92,89,88,85,3937,3484
63,3402,3402,3400,3400,3400,3400,3400,3400,3400,3399,3399,3399,3399,3399,3399,800,100,95,95,93,92,88,87,85,3938,3484
64,3426,3403,3400,3400,3400,3400,3400,3399,3399,3399,3399,3399,3399,3399,3399,3399,100,96,95,92,92,88,88,86,3937,3484
65,3501,3500,3500,3500,3500,3500,3500,3499,3499,3499,3499,3499,3499,3499,3495,3461,99,96,95,94,92,88,88,86,3937,3484
66,3404,3402,3400,3400,3400,3400,3399,3399,3399,3399,3399,3399,3399,3399,3399,800,100,96,95,93,92,88,88,86,3938,3483
67,3503,3502,3500,3500,3500,3500,3500,3500,3500,3499,3499,3499,3499,3499,3499,3446,100,97,95,94,93,89,89,87,3939,3483
68,3440,3421,3402,3400,3400,3400,3400,3400,3399,3399,3399,3399,3399,3399,3399,3399,100,95,95,93,92,88,88,86,3939,3483
69,3499,3494,3491,3448,3448,3448,3448,3441,3417,3400,3399,3399,3399,3399,3399,3399,100,96,95,93,92,88,88,85,3939,3482
71,3403,3401,3400,3400,3400,3400,3400,3400,3400,3400,3399,3399,3399,3399,3399,3348,100,96,95,93,92,89,88,86,3943,3484
72,3508,3500,3500,3500,3500,3500,3500,3500,3500,3499,3499,3499,3499,3499,3499,3482,100,96,95,93,92,89,88,86,3939,3483
73,3504,3500,3500,3500,3500,3500,3499,3499,3499,3499,3499,3499,3499,3499,3499,3499,100,96,95,94,93,89,89,86,3939,3484
74,3401,3401,3400,3400,3400,3400,3400,3399,3399,3399,3399,3399,3399,3399,3392,800,100,96,95,93,92,89,87,85,3940,3484
75,3401,3400,3400,3400,3400,3400,3400,3400,3400,3399,3399,3399,3399,3399,800,800,100,96,95,93,92,89,88,86,3942,3484
76,3420,3403,3401,3400,3400,3400,3400,3400,3400,3399,3399,3399,3399,3399,3399,3399,100,96,95,94,94,89,88,86,3940,3484
77,3408,3404,3400,3400,3400,3400,3400,3400,3399,3399,3399,3399,3399,3399,3399,3398,100,96,94,93,93,89,88,86,3939,3484
79,3424,3421,3405,3404,3400,3400,3400,3400,3399,3399,3399,3399,3399,3399,3399,3399,100,96,95,93,92,89,88,86,3940,3484
80,3417,3399,3384,3374,3373,3333,3333,3333,3333,3333,3333,3333,3333,3333,3300,800,100,96,95,94,93,89,89,87,3940,3483
81,3500,3500,3500,3500,3500,3500,3499,3499,3499,3499,3499,3499,3499,3499,3499,3488,100,96,95,94,92,89,88,86,3942,3484
82,3410,3406,3405,3400,3400,3400,3400,3399,3399,3399,3399,3399,3399,3399,3399,3399,100,96,95,93,92,88,88,86,3940,3484
83,3503,3500,3500,3500,3499,3499,3499,3499,3499,3499,3499,3499,3499,3499,3499,3499,100,96,95,93,93,89,89,87,3939,3485
84,3407,3403,3401,3400,3400,3400,3400,3399,3399,3399,3399,3399,3399,3399,3399,3399,99,96,95,93,92,89,88,86,3938,3482
85,3403,3401,3400,3400,3400,3400,3400,3400,3399,3399,3399,3399,3399,3399,3399,800,100,96,95,93,92,89,88,86,3937,3482
86,3401,3400,3400,3400,3400,3400,3400,3400,3399,3399,3399,3399,3399,3398,3397,3372,100,97,95,94,93,89,88,87,3937,3482
88,3403,3402,3400,3400,3400,3400,3399,3399,3399,3399,3399,3399,3399,3399,3399,3399,100,96,95,94,93,89,89,86,3937,3484
89,3409,3406,3400,3400,3400,3399,3399,3399,3335,3317,3317,3317,3317,3317,3300,3300,100,96,95,93,93,89,89,87,3939,3486
90,3412,3400,3400,3400,3400,3399,3399,3399,3399,3399,3399,3399,3399,3399,3399,3399,100,96,95,93,93,89,89,87,3939,3484
91,3400,3400,3400,3400,3400,3400,3399,3399,3399,3399,3399,3399,3399,3399,3399,3398,100,96,95,93,93,89,89,87,3939,3484
92,3406,3400,3400,3400,3399,3399,3399,3399,3399,3399,3399,3399,3384,3341,800,800,100,96,96,94,93,90,88,87,3937,3483
93,3417,3403,3403,3401,3400,3400,3400,3400,3400,3400,3400,3399,3399,3399,3398,3398,100,97,96,94,93,89,89,87,3938,3484
94,3402,3400,3400,3400,3400,3399,3399,3399,3399,3399,3399,3399,3399,3399,3399,3399,100,96,96,93,93,89,89,87,3938,3481
96,3389,3388,3379,3366,3316,3303,3303,3303,3303,3303,3303,3303,3303,3300,3300,3299,100,96,96,93,93,89,89,87,3942,3484
97,3400,3400,3400,3400,3400,3400,3400,3400,3399,3399,3399,3399,3399,3399,3399,3399,100,97,95,94,93,89,89,87,3939,3483
98,3400,3400,3400,3400,3400,3399,3399,3399,3399,3399,3399,3399,3399,3399,3399,3399,100,96,95,93,93,89,89,87,3939,3483
99,3404,3401,3400,3400,3400,3400,3400,3400,3399,3399,3399,3399,3399,3399,3399,3399,100,96,95,93,93,89,89,87,3938,3480
100,3409,3313,3305,3303,3302,3302,3301,3300,3300,3300,3300,3300,3300,3300,3300,3300,100,96,96,93,93,89,89,87,3937,3483
101,3403,3400,3400,3400,3400,3400,3399,3399,3399,3399,3399,3399,3399,3399,3399,3394,100,96,96,93,92,89,89,87,3939,3484
102,3402,3402,3401,3400,3400,3400,3400,3399,3399,3399,3399,3399,3399,3399,3399,3398,100,96,95,93,92,89,89,87,3939,3484
103,3400,3399,3364,3332,3309,3309,3309,3309,3309,3309,3309,3309,3309,3300,800,800,100,96,96,93,93,89,89,87,3938,3484
105,3415,3399,3387,3386,3386,3386,3386,3386,3386,3386,3377,3367,3325,3305,3300,3299,100,96,95,93,92,89,88,87,3937,3481
106,3419,3414,3399,3399,3399,3399,3399,3399,3399,3399,3399,3398,3382,3376,3372,3362,100,96,95,93,93,89,88,87,3940,3484
107,3401,3400,3400,3400,3400,3400,3399,3399,3399,3399,3399,3399,3399,3399,3398,3392,100,96,95,94,92,89,88,87,3938,3484
108,3405,3403,3400,3400,3400,3400,3400,3399,3399,3399,3399,3399,3399,3399,3399,800,100,96,95,94,93,89,89,87,3939,3484
109,3405,3400,3400,3400,3400,3400,3399,3399,3399,3399,3399,3399,3399,3398,3297,800,100,96,95,93,92,89,88,87,3940,3484
110,3400,3400,3400,3400,3400,3400,3400,3400,3399,3399,3399,3399,3399,3399,3399,3394,100,96,96,94,93,89,89,87,3938,3484
111,3435,3402,3400,3400,3400,3400,3400,3400,3400,3399,3399,3399,3399,3399,3399,3399,100,96,96,94,93,89,89,87,3940,3483
113,3401,3400,3400,3400,3400,3400,3400,3400,3399,3385,3366,3328,3328,3328,3300,800,100,95,95,92,92,88,88,87,3942,3484
114,3400,3400,3400,3400,3400,3400,3399,3399,3399,3399,3399,3398,3397,3397,3396,800,100,96,95,93,92,89,88,87,3942,3484
115,3418,3408,3400,3400,3400,3400,3400,3399,3399,3399,3399,3399,3399,3399,3399,3398,100,96,95,93,93,89,88,87,3942,3484
116,3404,3400,3400,3400,3400,3399,3399,3399,3399,3399,3399,3399,3399,3399,3393,3382,100,96,95,93,92,88,88,87,3940,3484
117,3399,3399,3389,3388,3388,3382,3364,3352,3313,3313,3313,3313,3313,3313,3313,800,100,96,95,93,92,89,89,87,3939,3484
118,3402,3402,3401,3400,3400,3400,3400,3400,3400,3400,3399,3399,3399,3399,3397,3397,100,96,95,93,93,90,89,87,3942,3483
119,3386,3375,3307,3301,3300,3300,3300,3299,3299,3299,3299,3299,3299,3299,3299,3299,100,96,96,93,92,88,88,87,3944,3484
121,3351,3348,3348,3348,3347,3347,3347,3347,3347,3347,3334,3328,3316,3238,3211,3209,100,96,96,94,93,89,89,87,3939,3483
122,3398,3394,3393,3393,3393,3393,3393,3393,3393,3393,3393,3388,3372,3365,3361,3358,100,96,95,93,92,88,88,86,3939,3484
123,3400,3400,3400,3400,3399,3399,3399,3399,3399,3399,3399,3399,3399,3399,3399,3331,100,96,95,93,93,89,89,87,3944,3483
124,3401,3400,3400,3400,3400,3400,3397,3344,3335,3333,3333,3333,3322,3301,3300,3300,100,96,95,93,93,89,89,87,3944,3485
125,3399,3393,3357,3357,3357,3357,3357,3300,3299,3299,3299,3299,3299,3299,3299,800,100,97,95,93,93,89,89,87,3942,3484
126,3324,3307,3301,3300,3300,3300,3300,3300,3300,3300,3300,3299,3299,3299,3299,3299,100,96,95,93,93,89,88,87,3940,3484
127,3384,3363,3314,3313,3311,3303,3302,3302,3302,3302,3302,3302,3302,3302,3299,3299,100,96,96,93,92,89,89,87,3942,3484
129,3315,3307,3300,3300,3300,3300,3300,3300,3300,3300,3299,3299,3299,3298,3297,3237,100,96,95,93,92,89,88,86,3939,3484
130,3381,3301,3300,3300,3300,3300,3299,3299,3299,3299,3299,3299,3299,3299,3299,3295,100,97,96,93,92,89,89,87,3938,3484
131,3305,3304,3301,3300,3300,3300,3300,3300,3300,3300,3300,3299,3299,3299,3299,3299,100,96,96,94,93,89,89,87,3939,3483
132,3402,3401,3400,3400,3400,3400,3400,3399,3399,3399,3399,3399,3399,3399,3394,3372,100,96,95,93,92,88,87,87,3939,3482
133,3402,3400,3400,3400,3400,3400,3400,3399,3399,3399,3399,3399,3399,3399,3399,3396,100,96,95,93,92,89,89,87,3942,3484
134,3403,3402,3400,3400,3400,3400,3400,3400,3400,3399,3399,3399,3399,3399,3399,3398,100,96,95,93,93,89,89,87,3940,3484
135,3398,3379,3332,3288,3288,3288,3288,3288,3288,3288,3288,3288,3277,3232,3206,3199,100,95,95,93,92,88,88,86,3939,3484
136,3400,3400,3400,3400,3400,3400,3399,3399,3399,3399,3399,3399,3399,3399,3399,3398,100,96,95,93,92,89,88,87,3940,3484
138,3300,3300,3300,3300,3300,3299,3299,3299,3299,3299,3299,3299,3299,3299,3297,3296,100,96,95,93,93,89,89,87,3944,3484
139,3479,3479,3479,3479,3479,3479,3479,3477,3464,3463,3410,3406,3406,3401,3401,3300,100,96,95,93,92,89,89,86,3940,3484
140,3405,3400,3400,3400,3400,3400,3400,3400,3399,3399,3399,3399,3399,3399,3399,3399,100,95,95,93,92,88,88,87,3942,3482
141,3405,3400,3400,3400,3400,3400,3400,3400,3400,3400,3399,3399,3399,3398,3398,3396,100,95,95,93,92,88,87,86,3939,3481
142,3329,3300,3300,3300,3300,3300,3300,3300,3299,3299,3299,3299,3299,3299,3299,3297,100,96,96,93,92,89,89,87,3938,3482
143,3399,3398,3381,3381,3381,3381,3381,3381,3381,3381,3340,3305,3229,3199,3199,3199,100,96,95,93,92,89,88,87,3940,3482
144,3318,3304,3300,3300,3300,3300,3300,3299,3299,3299,3299,3299,3299,3299,3294,3294,100,96,95,94,93,89,89,87,3939,3482
146,3402,3400,3400,3399,3399,3399,3399,3399,3337,3326,3326,3326,3326,3318,3301,800,100,96,96,93,92,89,89,87,3937,3481
147,3402,3400,3400,3400,3400,3400,3400,3399,3399,3399,3399,3399,3399,3399,3399,3399,100,96,95,93,92,89,88,87,3939,3484
148,3381,3369,3369,3369,3369,3369,3369,3369,3369,3369,3367,3348,3336,3322,3317,3300,100,96,95,93,92,89,88,87,3938,3484
149,3405,3403,3401,3400,3400,3400,3400,3400,3400,3399,3399,3399,3399,3399,3399,3399,100,96,95,93,92,89,89,87,3940,3484
150,3400,3400,3400,3400,3400,3400,3399,3399,3399,3399,3399,3399,3399,3399,3399,800,100,96,95,93,92,88,88,86,3940,3484
151,3366,3315,3309,3308,3301,3300,3300,3300,3300,3300,3299,3299,3299,3299,3299,3299,100,97,96,93,93,89,89,87,3940,3484
152,3300,3300,3300,3300,3300,3299,3299,3299,3299,3299,3299,3299,3299,3299,3299,3296,100,96,95,93,92,89,88,87,3939,3482
154,3373,3333,3333,3333,3333,3333,3333,3332,3328,3200,3199,3199,3199,3199,800,800,100,96,95,93,92,89,88,87,3940,3479
155,3399,3390,3388,3388,3388,3388,3388,3388,3388,3388,3387,3381,3370,3356,3328,3304,100,96,95,93,93,89,89,87,3938,3483
156,3402,3400,3400,3399,3399,3399,3399,3399,3399,3399,3399,3399,3399,3399,3399,3399,100,96,95,93,93,89,89,87,3939,3484
157,3380,3326,3326,3326,3326,3326,3326,3326,3326,3326,3311,3308,3304,3303,3300,3300,100,96,95,93,92,88,88,87,3939,3482
158,3400,3400,3399,3399,3399,3399,3399,3399,3399,3399,3399,3399,3399,3399,3391,3388,100,96,95,93,93,89,89,87,3942,3481
159,3401,3400,3400,3400,3400,3399,3392,3368,3368,3368,3367,3367,3367,3362,3338,800,100,96,95,93,92,89,89,87,3939,3483
160,3400,3398,3374,3374,3373,3373,3371,3339,3273,3201,3200,3199,3199,3199,3199,3199,100,96,95,94,93,89,89,87,3942,3484
162,3215,3209,3209,3209,3209,3209,3208,3208,3208,3208,3208,3206,3206,3204,3202,3201,100,96,95,93,92,89,88,87,3940,3484
163,3400,3400,3400,3400,3400,3399,3399,3399,3399,3399,3399,3399,3399,3399,3399,3391,100,97,95,93,92,89,88,87,3938,3483
164,3305,3301,3300,3300,3300,3300,3299,3299,3299,3299,3299,3299,3299,3299,3299,3299,100,96,95,93,92,89,88,87,3940,3485
165,3403,3401,3400,3400,3400,3400,3400,3399,3399,3399,3399,3399,3399,3399,3399,3378,100,96,95,94,92,89,87,87,3942,3485
166,3300,3300,3300,3300,3300,3300,3299,3299,3299,3299,3299,3299,3299,3299,3299,3297,100,96,95,93,93,89,88,87,3942,3484
167,3406,3400,3400,3400,3400,3400,3400,3399,3399,3399,3399,3399,3399,3399,3399,3399,100,96,95,93,92,89,88,87,3942,3484
168,3323,3313,3307,3307,3301,3300,3300,3300,3299,3299,3299,3299,3299,3299,3299,3299,100,96,95,93,93,89,89,87,3942,3485
169,3399,3348,3347,3325,3284,3284,3284,3284,3284,3284,3284,3284,3284,3208,3202,3202,100,96,95,93,93,89,89,87,3940,3483
171,3317,3307,3305,3300,3300,3300,3300,3300,3300,3300,3299,3299,3299,3299,3299,3299,100,96,95,93,92,89,88,87,3940,3484
172,3401,3400,3400,3400,3400,3400,3400,3399,3399,3399,3399,3399,3399,3392,3376,3375,100,96,95,93,92,88,88,87,3942,3484
173,3404,3400,3400,3400,3400,3400,3400,3400,3399,3399,3399,3399,3399,3397,3396,800,99,96,94,93,92,88,87,86,3943,3484
174,3500,3500,3500,3500,3500,3499,3499,3499,3499,3499,3499,3499,3499,3489,3477,3457,100,96,95,93,93,89,89,87,3942,3486
175,3400,3400,3400,3399,3399,3399,3399,3399,3399,3399,3399,3399,3399,3399,3389,3338,100,96,95,93,93,89,88,87,3943,3485
176,3486,3472,3370,3370,3370,3370,3370,3370,3370,3370,3370,3317,3313,3308,3301,3300,99,95,95,93,92,89,88,86,3944,3484
177,3400,3400,3400,3400,3400,3400,3400,3400,3400,3399,3399,3399,3399,3399,3398,800,100,96,95,93,92,89,88,86,3945,3482
179,3404,3400,3400,3400,3400,3400,3400,3400,3399,3399,3399,3399,3399,3399,3394,3390,100,96,95,93,92,89,88,86,3942,3483
180,3401,3400,3400,3400,3400,3399,3399,3399,3399,3399,3399,3399,3398,3395,3391,3388,100,96,95,93,93,89,88,87,3940,3483
181,3301,3300,3300,3300,3300,3299,3299,3299,3299,3299,3299,3299,3299,3299,3299,800,100,96,96,93,93,89,89,87,3939,3483
182,3300,3293,3258,3253,3253,3253,3253,3253,3253,3253,3253,3252,3248,3221,3202,3200,100,96,95,93,93,88,88,86,3939,3484
183,3370,3307,3305,3300,3300,3300,3300,3300,3299,3299,3299,3299,3299,3299,3299,3299,100,96,96,93,93,89,89,87,3942,3484
184,3299,3295,3295,3295,3295,3295,3295,3295,3295,3295,3295,3294,3284,3276,3270,3247,100,97,96,94,93,89,89,87,3942,3484
185,3401,3400,3400,3400,3400,3400,3399,3399,3399,3399,3399,3399,3399,3399,3399,3385,100,97,96,94,93,89,89,87,3940,3484
187,3404,3400,3400,3400,3400,3400,3400,3400,3400,3400,3399,3399,3399,3399,3399,3398,100,97,96,94,93,89,89,87,3939,3481
188,3311,3301,3300,3300,3300,3300,3299,3299,3299,3299,3299,3299,3299,3299,3299,3294,100,97,96,94,93,90,89,87,3939,3484
189,3400,3400,3400,3400,3400,3400,3400,3400,3399,3399,3399,3399,3399,3399,3399,3399,100,96,95,93,92,89,89,87,3940,3481
190,3381,3381,3381,3381,3381,3381,3381,3381,3381,3377,3374,3369,3367,3351,3330,3302,100,97,96,95,93,89,89,87,3942,3483
191,3342,3311,3311,3308,3304,3304,3304,3304,3304,3304,3304,3304,3304,3303,3301,3300,100,96,95,93,92,89,89,87,3942,3484
192,3373,3307,3301,3300,3300,3300,3300,3300,3299,3299,3299,3299,3299,3299,3299,3283,100,96,95,93,92,88,88,87,3944,3485
193,3401,3400,3399,3399,3273,3273,3273,3273,3273,3273,3267,3267,3221,3203,3200,3200,100,97,95,93,93,89,89,87,3942,3481
194,3332,3300,3300,3299,3299,3299,3299,3299,3299,3299,3299,3299,3299,3297,3295,800,100,96,95,93,93,89,88,87,3942,3484
196,3339,3318,3310,3307,3299,3299,3224,3224,3224,3224,3224,3224,3224,3224,3221,3200,100,96,95,93,92,88,88,87,3943,3484
197,3394,3394,3394,3394,3394,3394,3394,3394,3394,3385,3384,3384,3380,3369,3331,3325,100,96,95,93,93,89,89,87,3939,3483
198,3304,3302,3300,3300,3300,3300,3300,3300,3299,3299,3299,3299,3299,3299,3299,3299,100,96,95,93,92,88,88,87,3942,3482
199,3403,3401,3400,3400,3400,3400,3400,3399,3399,3399,3399,3399,3399,3399,3395,3386,100,96,95,93,92,89,88,87,3944,3480
200,3300,3252,3252,3252,3252,3252,3252,3252,3252,3252,3233,3213,3206,3201,3200,3200,100,97,96,94,93,89,89,88,3944,3480
201,3399,3399,3381,3377,3377,3377,3377,3377,3377,3377,3354,3350,3302,3300,3300,3299,100,96,96,92,92,88,87,87,3940,3485
202,3330,3305,3301,3301,3300,3300,3300,3300,3299,3299,3299,3299,3299,3299,3299,3299,100,96,95,93,92,89,89,87,3937,3484
204,3376,3305,3304,3300,3300,3300,3300,3300,3300,3300,3299,3299,3299,3299,3299,3295,100,96,96,94,92,89,89,87,3939,3484
205,3381,3335,3331,3329,3300,3300,3300,3300,3300,3300,3299,3299,3299,3299,3299,3289,100,96,95,93,93,89,89,87,3939,3483
206,3303,3302,3302,3300,3300,3300,3299,3299,3299,3299,3299,3299,3299,3299,3299,3200,100,96,95,94,92,89,88,87,3939,3484
207,3399,3296,3294,3265,3250,3240,3240,3240,3240,3240,3240,3240,3240,3229,3200,3198,100,96,95,93,92,89,88,87,3938,3484
208,3400,3400,3400,3400,3400,3400,3399,3399,3399,3399,3399,3399,3399,3399,3399,3398,100,96,95,93,92,89,88,87,3940,3485
209,3300,3297,3297,3297,3297,3297,3297,3297,3297,3297,3295,3294,3291,3288,3284,3234,100,97,96,94,93,90,89,88,3939,3483
210,3326,3310,3305,3305,3300,3300,3299,3299,3299,3299,3299,3299,3299,3299,3299,3295,100,96,96,94,93,89,88,87,3943,3486
212,3329,3303,3300,3300,3300,3300,3300,3300,3300,3299,3299,3299,3299,3299,3299,3299,100,96,95,93,92,88,87,87,3945,3487
213,3401,3400,3400,3400,3400,3399,3399,3399,3399,3399,3399,3399,3399,3399,3394,3389,100,96,95,93,92,89,88,87,3947,3485
214,3352,3300,3300,3300,3300,3300,3300,3299,3299,3299,3299,3299,3299,3299,3299,3298,100,96,96,93,93,89,88,87,3945,3484
215,3406,3400,3400,3400,3400,3400,3400,3400,3399,3399,3399,3399,3399,3399,3398,3394,100,96,95,94,93,89,89,87,3944,3481
216,3404,3400,3400,3400,3399,3399,3399,3399,3399,3399,3399,3399,3399,3399,3398,3397,100,96,95,94,93,89,89,87,3940,3486
217,3312,3303,3300,3300,3300,3300,3300,3299,3299,3299,3299,3299,3299,3299,3299,3295,100,96,95,93,92,89,88,87,3943,3487
218,3363,3300,3300,3300,3300,3300,3300,3300,3299,3299,3299,3299,3299,3293,3292,800,100,97,96,94,93,89,89,87,3945,3485
220,3331,3304,3300,3300,3299,3299,3299,3299,3299,3299,3299,3299,3299,3299,3299,3299,100,97,95,95,93,89,89,87,3942,3483
221,3404,3400,3400,3400,3399,3399,3399,3399,3399,3399,3399,3399,3399,3399,3399,3398,100,97,96,94,93,89,89,88,3942,3483
222,3313,3300,3300,3300,3300,3300,3300,3300,3300,3300,3299,3299,3299,3299,3299,3298,100,97,96,94,94,91,89,89,3944,3484
223,3322,3303,3300,3300,3300,3300,3300,3300,3300,3299,3299,3299,3299,3299,3299,3299,100,96,95,94,93,89,88,87,3943,3486
224,3330,3300,3300,3300,3300,3300,3299,3299,3299,3299,3299,3299,3299,3299,3299,3297,100,97,96,93,93,89,89,87,3950,3491
225,3403,3400,3400,3400,3400,3399,3399,3399,3399,3399,3399,3399,3396,3395,3393,3393,100,96,95,94,92,90,88,87,3947,3487
226,3330,3275,3275,3275,3275,3275,3275,3275,3275,3275,3246,3179,3162,3123,3106,3104,100,96,95,93,93,89,89,87,3943,3482
228,3404,3299,3268,3242,3226,3226,3226,3200,3200,3200,3200,3200,3200,3200,3199,3199,100,97,96,94,93,91,90,87,3942,3484
229,3491,3491,3485,3484,3481,3480,3311,3311,3311,3311,3311,3311,3311,3311,3300,800,100,97,96,94,93,90,89,87,3935,3483
230,3314,3300,3300,3300,3300,3300,3300,3299,3299,3299,3299,3299,3299,3299,3299,3299,100,96,96,94,93,89,89,87,3937,3486
231,3399,3396,3349,3301,3299,3298,3295,3271,3271,3271,3271,3261,3247,3247,3247,3247,99,96,95,94,92,88,88,87,3935,3484
232,3304,3300,3300,3300,3300,3300,3300,3299,3299,3299,3299,3299,3299,3299,3299,800,100,96,95,93,93,89,88,87,3935,3484
233,3394,3320,3318,3318,3318,3318,3318,3318,3318,3318,3316,3308,3282,3206,3202,3200,100,97,96,93,93,89,88,87,3934,3483
234,3399,3397,3356,3356,3356,3356,3356,3356,3356,3356,3356,3339,3320,3244,3241,3200,100,97,96,93,93,89,89,88,3934,3484
235,3317,3307,3300,3300,3300,3300,3300,3300,3300,3300,3299,3299,3299,3299,3299,3299,100,97,96,94,92,89,89,87,3934,3484
237,3400,3400,3400,3400,3399,3399,3399,3399,3399,3399,3399,3399,3399,3392,3387,3374,100,97,95,94,92,89,89,87,3932,3483
238,3427,3403,3402,3400,3400,3400,3400,3400,3399,3399,3399,3399,3399,3399,3399,3396,100,97,96,94,93,89,89,87,3937,3484
239,3318,3302,3300,3300,3300,3299,3299,3299,3299,3299,3299,3299,3299,3299,3298,3291,100,96,95,94,93,89,88,86,3935,3484
240,3300,3300,3300,3299,3299,3299,3299,3299,3299,3299,3299,3299,3299,3299,3299,3218,100,97,95,93,92,89,89,87,3937,3482
241,3416,3404,3400,3400,3400,3400,3400,3399,3399,3399,3399,3399,3399,3399,3396,800,100,96,95,93,92,88,88,86,3934,3484
242,3306,3300,3300,3300,3300,3300,3300,3300,3299,3299,3299,3299,3299,3297,3294,800,100,97,96,95,93,89,89,87,3931,3483
243,3304,3300,3300,3300,3300,3300,3299,3299,3299,3299,3299,3299,3299,3299,3299,3299,100,97,95,94,92,89,89,87,3934,3484
245,3404,3400,3400,3400,3400,3400,3399,3399,3399,3399,3399,3399,3399,3399,3399,3399,100,96,96,94,93,89,88,87,3931,3484
246,3305,3303,3300,3300,3300,3300,3300,3299,3299,3299,3299,3299,3299,3299,3299,3297,100,96,95,94,93,89,88,87,3935,3484
247,3346,3305,3300,3300,3300,3300,3300,3300,3299,3299,3299,3299,3299,3299,3299,3299,100,97,96,94,93,89,88,87,3940,3484
248,3300,3300,3300,3300,3300,3299,3299,3299,3299,3299,3299,3299,3299,3299,3299,3296,100,97,95,94,93,89,89,87,3939,3482
249,3312,3304,3303,3303,3302,3300,3300,3300,3300,3300,3300,3299,3299,3299,3299,3299,100,97,96,94,92,89,89,87,3938,3486
250,3400,3400,3400,3400,3400,3400,3400,3400,3400,3399,3399,3399,3399,3399,3399,3398,100,96,95,94,93,88,88,87,3937,3487
251,3404,3400,3400,3400,3399,3399,3399,3399,3399,3399,3399,3399,3399,3399,3399,800,100,97,96,94,93,89,89,88,3938,3482
253,3400,3400,3400,3399,3399,3399,3399,3399,3399,3399,3399,3399,3399,3397,3396,3394,100,96,95,93,93,88,88,87,3937,3484
254,3353,3300,3300,3300,3300,3300,3300,3300,3299,3299,3299,3299,3299,3299,3299,3298,99,96,95,94,92,89,88,87,3938,3485
255,3200,3200,3200,3200,3200,3200,3200,3199,3199,3199,3199,3199,3199,3199,3199,3199,100,96,96,94,92,89,89,87,3939,3484
256,3341,3308,3306,3300,3300,3300,3299,3299,3299,3299,3299,3299,3299,3299,3299,3299,100,96,95,93,92,89,88,87,3940,3484
257,3314,3303,3302,3301,3301,3300,3300,3300,3300,3299,3299,3299,3299,3299,3299,3295,100,96,96,94,92,89,88,87,3937,3484
258,3304,3300,3300,3300,3300,3300,3299,3299,3299,3299,3299,3299,3299,3299,3298,800,100,96,96,94,92,89,89,87,3942,3484
259,3400,3400,3400,3400,3400,3400,3400,3400,3399,3399,3399,3399,3399,3399,3399,3399,100,96,95,93,92,88,88,87,3938,3483
261,3402,3400,3400,3400,3399,3399,3399,3399,3399,3399,3399,3399,3398,3392,3390,3298,100,96,95,93,92,88,88,87,3937,3483
262,3480,3462,3450,3422,3339,3339,3339,3339,3339,3339,3339,3339,3314,3310,3296,800,100,97,96,94,93,89,89,87,3935,3483
263,3309,3302,3300,3300,3300,3299,3299,3299,3299,3299,3299,3299,3299,3299,3299,3288,100,96,95,94,92,88,88,87,3935,3484
264,3319,3300,3300,3300,3300,3300,3300,3300,3300,3299,3299,3299,3299,3299,3296,800,100,96,95,94,92,89,89,87,3935,3483
265,3400,3400,3400,3400,3400,3400,3399,3399,3399,3399,3399,3399,3399,3399,3398,3393,100,96,95,93,92,89,88,86,3937,3484
266,3402,3400,3400,3400,3400,3400,3400,3399,3399,3399,3399,3399,3399,3399,3394,3347,100,96,95,93,92,88,88,87,3935,3483
267,3403,3402,3400,3400,3400,3400,3400,3400,3400,3400,3399,3399,3399,3399,3399,3392,100,96,95,94,93,89,88,87,3937,3484
268,3304,3303,3302,3300,3300,3300,3300,3300,3300,3299,3299,3299,3299,3299,3299,3299,100,96,95,93,92,88,88,87,3940,3484
270,3400,3400,3400,3400,3399,3399,3399,3399,3399,3399,3399,3399,3399,3399,3394,3378,100,96,95,93,93,89,88,87,3939,3485
271,3303,3301,3300,3300,3300,3299,3299,3299,3299,3299,3299,3299,3299,3299,3299,3298,99,96,95,92,92,88,87,87,3939,3490
272,3311,3303,3303,3303,3300,3300,3300,3300,3300,3300,3299,3299,3299,3299,3299,3235,100,97,95,93,93,89,89,87,3940,3483
273,3304,3304,3303,3301,3300,3300,3300,3300,3300,3300,3300,3299,3299,3299,3299,3299,100,96,95,93,92,89,88,86,3939,3483
274,3332,3300,3300,3300,3299,3299,3299,3299,3299,3263,3247,3247,3247,3247,3224,3221,100,96,95,94,92,88,87,87,3940,3482
275,3325,3303,3302,3300,3300,3300,3300,3299,3299,3299,3299,3299,3299,3299,3299,3299,100,96,95,94,92,88,88,87,3938,3486
276,3317,3315,3305,3302,3300,3300,3300,3300,3300,3300,3299,3299,3299,3299,3299,3299,100,96,95,93,93,88,88,87,3935,3486
278,3406,3402,3400,3400,3400,3400,3400,3399,3399,3399,3399,3399,3397,3386,3380,3330,100,96,95,94,92,88,87,87,3938,3486
279,3357,3313,3308,3300,3300,3300,3300,3300,3300,3299,3299,3299,3299,3299,3299,3294,100,97,96,94,93,89,89,88,3936,3484
280,3352,3305,3302,3300,3300,3300,3300,3300,3300,3300,3299,3299,3299,3299,3299,3299,100,96,95,93,93,89,88,87,3942,3485
281,3333,3303,3300,3300,3300,3300,3300,3300,3299,3299,3299,3299,3299,3299,3298,3293,100,96,95,93,92,88,87,87,3938,3484
282,3327,3306,3300,3300,3300,3300,3300,3299,3299,3299,3299,3299,3299,3299,3299,3293,100,96,95,93,92,88,87,87,3939,3484
283,3499,3479,3479,3395,3379,3379,3379,3379,3379,3379,3376,3376,3373,3372,3353,3305,100,97,96,94,93,88,88,87,3935,3483
284,3400,3400,3400,3400,3400,3400,3399,3399,3399,3399,3399,3399,3399,3397,3382,3373,100,96,95,93,93,89,87,87,3937,3483
286,3349,3304,3303,3300,3300,3300,3300,3300,3300,3299,3299,3299,3299,3299,3299,3298,100,96,95,93,92,88,87,87,3939,3484
287,3400,3400,3400,3400,3400,3399,3399,3399,3399,3399,3399,3399,3399,3395,3394,3394,100,96,95,93,93,89,89,88,3937,3484
288,3313,3301,3300,3300,3300,3300,3300,3300,3300,3300,3299,3299,3299,3299,800,800,100,97,96,94,93,89,89,87,3937,3483
289,3400,3400,3400,3400,3400,3400,3399,3399,3399,3399,3399,3399,3399,3399,3398,800,100,97,95,93,93,89,88,87,3935,3484
290,3370,3321,3313,3303,3300,3300,3299,3299,3299,3299,3299,3299,3299,3299,3299,3292,100,96,95,93,92,89,88,87,3938,3484
291,3302,3301,3300,3300,3300,3300,3300,3299,3299,3299,3299,3299,3299,3299,3299,3292,100,96,95,93,92,88,88,87,3932,3485
292,3365,3359,3337,3307,3303,3300,3300,3300,3300,3300,3299,3299,3299,3299,3299,3295,100,96,95,93,92,88,88,87,3936,3484
294,3322,3307,3303,3300,3300,3300,3300,3300,3299,3299,3299,3299,3299,3299,3299,3291,100,96,95,93,92,88,88,87,3935,3484
295,3405,3401,3400,3400,3400,3400,3399,3399,3399,3399,3399,3399,3399,3399,3399,800,100,96,95,94,92,88,88,86,3935,3483
296,3302,3300,3300,3300,3300,3299,3299,3299,3299,3299,3299,3299,3299,3299,3299,3298,100,96,95,93,92,88,88,87,3932,3484
297,3317,3314,3300,3300,3300,3300,3299,3299,3299,3299,3299,3299,3299,3299,3299,3295,100,96,96,94,93,89,88,87,3932,3485
298,3320,3300,3300,3300,3300,3299,3299,3299,3299,3299,3299,3299,3299,3299,3299,3294,100,97,96,94,93,89,89,87,3935,3484
299,3299,3295,3295,3295,3295,3295,3295,3295,3295,3295,3295,3290,3284,3275,3274,3231,100,96,95,93,93,89,88,87,3938,3484
300,3304,3302,3300,3300,3300,3299,3299,3299,3299,3299,3299,3299,3299,3299,3299,3296,100,96,96,94,93,89,89,88,3934,3482
302,3301,3300,3300,3300,3300,3299,3299,3299,3299,3299,3299,3299,3299,3299,3299,3298,100,96,95,94,93,89,89,87,3931,3484
303,3301,3300,3300,3300,3300,3300,3300,3300,3299,3299,3299,3299,3299,3299,3297,3296,100,97,95,94,93,89,89,87,3934,3484
304,3324,3303,3301,3300,3300,3300,3300,3300,3300,3300,3299,3299,3299,3299,3299,3287,100,97,95,94,93,89,88,88,3939,3484
305,3400,3400,3400,3400,3400,3400,3400,3400,3400,3400,3400,3399,3399,3399,3398,3398,100,96,95,93,92,88,88,87,3937,3486
306,3309,3304,3302,3302,3300,3300,3300,3299,3299,3299,3299,3299,3299,3299,3299,3297,100,96,95,93,92,89,88,87,3939,3482
307,3400,3400,3400,3400,3400,3400,3400,3399,3399,3399,3399,3399,3399,3399,3399,3299,100,96,95,93,92,88,88,87,3938,3485
308,3307,3306,3300,3300,3300,3300,3300,3300,3299,3299,3299,3299,3299,3299,3299,3299,100,97,96,94,93,90,89,88,3935,3484
310,3346,3303,3302,3300,3300,3300,3300,3300,3299,3299,3299,3299,3299,3299,3299,3298,100,96,95,93,93,88,88,87,3942,3484
311,3407,3400,3398,3331,3302,3284,3284,3284,3284,3284,3284,3284,3232,3203,3200,3200,100,97,96,93,92,89,88,87,3942,3488
312,3315,3103,3100,3100,3100,3100,3100,3099,3099,3099,3099,3099,3099,3099,3099,3094,100,96,95,93,92,89,88,87,3940,3488
313,3307,3305,3300,3300,3300,3300,3300,3300,3300,3299,3299,3299,3299,3299,3299,3299,100,97,95,94,93,89,89,88,3938,3487
314,3384,3384,3384,3384,3384,3384,3384,3384,3383,3376,3371,3365,3361,3357,3332,3329,100,97,96,93,93,89,89,87,3937,3484
315,3400,3400,3400,3400,3399,3399,3399,3399,3399,3399,3399,3399,3399,3399,3399,3397,100,96,95,94,93,89,89,87,3939,3484
316,3400,3400,3400,3400,3400,3400,3399,3399,3399,3399,3399,3399,3398,3398,3394,3391,99,96,95,93,92,89,89,87,3937,3484
318,3353,3304,3303,3301,3300,3300,3300,3300,3299,3299,3299,3299,3299,3299,3299,3299,100,96,96,93,92,89,88,87,3937,3484
319,3400,3400,3400,3400,3400,3400,3399,3399,3399,3399,3399,3398,3398,3392,3386,800,100,97,95,94,93,89,89,87,3937,3484
320,3400,3400,3400,3400,3399,3399,3399,3399,3399,3399,3399,3399,3399,3399,3392,3385,100,96,95,93,93,89,88,87,3937,3484
321,3406,3402,3400,3400,3400,3400,3400,3400,3400,3399,3399,3399,3399,3399,3390,3349,100,96,96,93,93,89,89,87,3937,3484
322,3353,3317,3300,3300,3299,3299,3299,3299,3299,3299,3299,3299,3220,3216,3204,3204,100,97,96,94,93,89,89,87,3938,3485
323,3403,3401,3400,3400,3400,3399,3399,3399,3399,3399,3399,3399,3399,3399,3397,3387,100,96,95,93,92,89,88,87,3939,3484
324,3332,3229,3229,3229,3229,3229,3229,3229,3229,3229,3208,3207,3206,3204,3200,3200,100,97,95,94,93,89,89,87,3942,3484
325,3405,3402,3400,3400,3400,3400,3399,3399,3399,3399,3399,3399,3399,3399,3399,3395,100,96,96,94,93,89,89,87,3939,3484
327,3347,3330,3300,3300,3300,3300,3300,3299,3299,3299,3299,3299,3299,3299,3298,3288,100,97,96,94,93,90,90,88,3937,3484
328,3318,3315,3311,3305,3300,3300,3300,3300,3300,3299,3299,3299,3299,3299,3299,3299,100,97,96,94,93,90,89,88,3937,3482
329,3401,3400,3400,3400,3400,3400,3400,3399,3399,3399,3399,3399,3397,3380,3357,3352,100,96,95,93,92,89,89,87,3937,3483
330,3300,3300,3300,3300,3300,3299,3299,3299,3299,3299,3299,3299,3299,3299,3299,3299,100,96,95,93,92,88,88,88,3937,3483
331,3402,3400,3400,3400,3400,3400,3399,3399,3399,3399,3399,3399,3399,3399,3399,3396,100,96,96,94,93,89,89,88,3937,3483
332,3329,3302,3300,3300,3300,3299,3299,3299,3299,3299,3299,3299,3299,3299,3299,3297,100,96,95,93,92,89,88,88,3939,3484
333,3400,3400,3400,3400,3400,3400,3400,3399,3399,3399,3399,3398,3396,3383,3381,3362,100,96,95,93,93,89,88,87,3940,3483
335,3304,3302,3302,3300,3300,3299,3299,3299,3299,3299,3299,3299,3299,3299,3299,3299,100,96,95,93,92,89,88,86,3942,3484
336,3362,3338,3333,3302,3300,3300,3300,3300,3300,3300,3299,3299,3299,3299,3299,3299,100,96,95,93,92,89,88,88,3936,3484
337,3401,3400,3400,3400,3400,3400,3400,3399,3399,3399,3399,3399,3399,3399,3399,3399,100,96,95,94,92,88,88,87,3939,3484
338,3307,3300,3300,3300,3300,3300,3299,3299,3299,3299,3299,3299,3299,3299,3299,3299,100,97,96,95,93,89,89,88,3938,3485
339,3406,3309,3300,3300,3300,3300,3299,3299,3299,3299,3299,3299,3299,3299,3299,3294,100,96,95,93,93,89,89,88,3938,3486
340,3327,3308,3303,3301,3300,3300,3300,3300,3300,3299,3299,3299,3299,3299,3298,3291,100,96,95,93,92,89,89,87,3938,3486
341,3300,3300,3300,3300,3300,3300,3300,3300,3300,3299,3299,3299,3299,3299,3299,3298,100,96,95,93,92,89,88,87,3943,3491
343,3374,3306,3304,3300,3300,3300,3300,3300,3300,3300,3299,3299,3299,3299,800,800,100,96,95,94,93,89,89,88,3944,3490
344,3302,3299,3298,3293,3292,3272,3264,3238,3238,3238,3238,3238,3238,3238,3238,3235,100,97,96,94,94,89,89,88,3944,3490
345,3400,3343,3342,3342,3342,3342,3342,3342,3342,3342,3333,3293,3266,3209,3207,3205,100,96,95,94,93,89,89,87,3944,3490
346,3395,3295,3256,3240,3237,3234,3231,3212,3212,3212,3212,3212,3212,3212,3212,3212,100,97,95,93,93,89,88,87,3943,3488
347,3400,3397,3397,3397,3397,3397,3397,3397,3397,3397,3394,3378,3377,3361,3334,3305,100,96,95,93,92,89,89,87,3943,3484
348,3316,3301,3300,3300,3299,3299,3299,3299,3299,3299,3299,3299,3299,3299,3299,3299,100,96,96,93,92,89,89,87,3945,3488
349,3325,3318,3317,3300,3300,3300,3300,3300,3300,3299,3299,3299,3299,3299,3299,3298,100,97,95,94,93,89,89,87,3947,3490
351,3300,3300,3300,3300,3300,3299,3299,3299,3299,3299,3299,3299,3299,3299,3299,3293,100,97,96,94,93,90,89,88,3945,3487
352,3307,3301,3300,3300,3300,3300,3300,3299,3299,3299,3299,3299,3299,3299,3299,3299,100,97,96,93,92,89,89,88,3942,3490
353,3398,3396,3238,3200,3200,3200,3200,3200,3200,3200,3200,3199,3199,3199,3199,3195,100,97,96,94,93,90,89,89,3940,3489
354,3300,3300,3300,3300,3300,3300,3299,3299,3299,3299,3299,3299,3299,3299,3295,800,100,97,95,93,93,89,89,87,3938,3486
355,3398,3298,3290,3253,3251,3232,3204,3201,3201,3201,3201,3201,3201,3201,3201,3201,100,96,95,93,93,89,88,87,3937,3484
356,3335,3300,3300,3300,3300,3300,3300,3299,3299,3299,3299,3299,3299,3299,3299,3299,100,96,95,94,93,89,89,88,3935,3483
357,3304,3300,3300,3300,3300,3300,3300,3299,3299,3299,3299,3299,3299,3299,3299,3299,100,97,95,93,93,89,88,87,3938,3484
358,3401,3400,3400,3400,3400,3399,3399,3399,3399,3399,3399,3399,3393,3382,3369,800,100,96,95,94,92,89,89,87,3938,3486
360,3400,3342,3311,3300,3300,3300,3300,3300,3300,3299,3299,3299,3299,3299,3299,3288,100,96,96,95,93,90,89,87,3939,3488
361,3299,3296,3290,3270,3270,3269,3269,3269,3269,3269,3269,3269,3245,3204,3202,3201,100,96,95,94,93,89,89,87,3944,3491
362,3305,3299,3293,3283,3279,3278,3278,3278,3278,3278,3278,3278,3275,3265,3250,3201,100,97,96,94,93,89,89,88,3947,3487
363,3295,3295,3294,3294,3294,3294,3294,3294,3294,3291,3289,3289,3285,3272,3262,3235,100,96,95,93,93,89,89,87,3943,3488
364,3268,3208,3208,3208,3208,3208,3208,3208,3208,3208,3203,3201,3200,3200,3200,3200,100,97,96,94,93,89,89,88,3947,3486
365,3399,3355,3244,3244,3244,3244,3244,3244,3244,3244,3244,3227,3217,3203,3202,3201,100,97,96,94,93,90,89,88,3947,3484
366,3301,3301,3300,3300,3300,3300,3299,3299,3299,3299,3299,3299,3299,3299,3299,3299,100,97,95,93,93,89,89,88,3943,3486
368,3399,3396,3396,3345,3345,3345,3345,3345,3345,3345,3345,3318,3301,3300,800,800,100,97,95,94,93,89,89,89,3942,3484
369,3308,3303,3300,3300,3300,3300,3300,3299,3299,3299,3299,3299,3299,3299,3299,3299,100,97,96,94,93,89,89,88,3939,3484
370,3399,3206,3203,3201,3200,3200,3200,3200,3200,3200,3199,3199,3199,3199,3199,3199,100,97,96,94,93,90,89,88,3934,3484
371,3301,3300,3300,3300,3300,3300,3300,3300,3299,3299,3299,3299,3299,3299,3298,3294,100,97,96,94,93,90,89,88,3936,3482
372,3399,3300,3300,3300,3300,3300,3300,3300,3299,3299,3299,3299,3299,3299,3299,3299,100,97,96,94,93,90,89,88,3938,3481
373,3369,3245,3209,3203,3200,3200,3200,3200,3199,3199,3199,3199,3199,3199,3199,3199,100,96,95,93,92,89,88,87,3937,3485
374,3245,3159,3132,3128,3128,3128,3128,3128,3128,3128,3125,3103,3102,3100,3100,3100,100,97,95,94,93,90,89,88,3939,3482
376,3326,3270,3270,3270,3270,3270,3270,3270,3270,3269,3244,3218,3214,3206,3202,3201,100,97,95,94,93,90,89,88,3935,3482
377,3302,3300,3300,3300,3300,3300,3299,3299,3299,3299,3299,3299,3299,3299,3299,3294,100,96,95,94,92,89,89,87,3938,3490
378,3402,3400,3400,3399,3399,3399,3399,3399,3399,3399,3399,3399,3399,3397,3397,800,100,96,96,94,92,89,88,87,3938,3486
379,3399,3362,3362,3361,3361,3361,3361,3361,3361,3361,3338,3331,3321,3276,3213,3202,100,97,96,94,93,89,89,87,3942,3484
380,3300,3300,3300,3300,3300,3300,3300,3300,3299,3299,3299,3299,3299,3299,3299,3299,100,96,95,94,92,89,89,87,3942,3488
381,3383,3306,3299,3299,3298,3295,3294,3294,3294,3294,3294,3294,3294,3294,3294,3239,100,96,95,93,93,89,89,87,3942,3485
382,3321,3310,3300,3300,3300,3300,3299,3299,3299,3299,3299,3299,3299,3299,3299,3299,100,96,95,93,92,89,88,87,3940,3485
384,3300,3300,3299,3299,3299,3299,3299,3237,3226,3226,3226,3226,3207,3200,3200,800,100,97,96,94,93,89,89,88,3938,3484
385,3309,3302,3300,3300,3300,3300,3300,3299,3299,3299,3299,3299,3299,3299,3299,3299,100,96,95,93,92,89,88,87,3939,3487
386,3401,3400,3400,3400,3400,3400,3399,3399,3399,3399,3399,3399,3399,3392,3389,3378,100,96,95,93,92,89,88,87,3936,3481
387,3305,3300,3300,3300,3300,3299,3299,3299,3299,3299,3299,3299,3299,3299,3299,3299,100,96,96,93,92,90,88,87,3939,3483
388,3378,3354,3306,3301,3300,3300,3300,3300,3300,3300,3299,3299,3299,3299,3299,3299,100,96,95,93,92,89,88,87,3935,3484
389,3405,3400,3400,3400,3400,3400,3400,3399,3399,3399,3399,3399,3399,3399,3398,3372,100,96,95,93,92,89,88,87,3939,3484
390,3326,3300,3300,3300,3299,3299,3299,3299,3299,3299,3299,3299,3298,3298,3296,3296,100,96,95,93,92,88,88,87,3939,3484
392,3405,3400,3400,3400,3400,3399,3371,3328,3256,3239,3239,3239,3239,3239,3231,3201,100,96,96,94,93,90,89,88,3935,3484
393,3311,3300,3300,3300,3299,3299,3299,3299,3299,3299,3299,3299,3299,3299,3299,3299,100,96,95,93,92,89,88,87,3937,3479
394,3406,3400,3400,3400,3400,3400,3400,3400,3400,3400,3400,3399,3399,3399,3392,800,100,96,95,93,92,89,89,87,3934,3483
395,3358,3353,3308,3308,3308,3308,3308,3308,3308,3274,3214,3200,3199,3199,3199,800,100,96,95,93,92,89,88,87,3939,3483
396,3400,3400,3400,3399,3399,3379,3339,3339,3339,3339,3339,3325,3313,3276,3247,3213,100,96,95,94,92,89,89,87,3934,3484
397,3400,3400,3400,3400,3400,3400,3400,3399,3399,3399,3399,3399,3399,3399,3383,3364,100,96,95,93,92,88,88,87,3934,3484
398,3306,3302,3301,3300,3300,3300,3300,3300,3300,3300,3299,3299,3299,3299,3299,3299,100,96,96,94,92,90,88,88,3934,3483
400,3354,3316,3307,3300,3300,3300,3300,3300,3300,3300,3299,3299,3299,3299,3299,3299,100,96,96,93,92,90,89,87,3937,3484
