Time,Freq1,Freq2,Freq3,Freq4,Freq5,Freq6,Freq7,Freq8,Temp1,Temp2,Temp3,Temp4,Fan1
0,4116,4103,4048,3992,3975,3959,3926,3829,49,47,45,45,0
1,4100,4100,4100,4100,4100,4100,4100,4099,84,80,79,75,0
3,4100,4100,4100,4100,4100,4100,4099,4099,88,83,82,78,0
4,4100,4100,4100,4100,4100,4100,4100,4099,91,85,83,81,0
5,4100,4100,4100,4100,4100,4099,4099,4099,93,87,85,84,0
7,4100,4100,4100,4100,4100,4100,4100,4099,93,88,87,87,0
8,4100,4100,4100,4100,4100,4100,4100,4099,95,91,89,87,0
9,4100,4100,4100,4100,4100,4100,4100,4099,99,92,90,89,0
11,4100,4100,4100,4100,4100,4100,4099,4099,100,93,92,90,0
12,4000,4000,4000,4000,4000,4000,4000,4000,100,93,92,91,0
13,3951,3951,3951,3951,3951,3951,3951,3951,100,93,93,92,0
14,3953,3953,3953,3953,3953,3953,3952,3952,100,95,93,91,0
16,3900,3900,3900,3900,3900,3900,3899,3899,100,96,93,92,0
17,3800,3800,3800,3800,3799,3799,3799,3799,99,95,93,91,0
18,3800,3800,3800,3800,3800,3800,3799,3799,100,93,93,93,0
20,3700,3700,3700,3700,3700,3700,3700,3699,100,95,94,92,0
21,3700,3700,3700,3700,3700,3700,3699,3699,100,94,93,93,1324
22,3700,3700,3700,3700,3700,3700,3700,3700,100,95,94,92,1752
24,3600,3600,3600,3600,3600,3600,3599,3599,100,93,93,91,1895
25,3700,3700,3700,3700,3700,3700,3700,3697,100,95,94,93,2012
26,3700,3700,3700,3700,3700,3700,3700,3699,100,95,94,94,2132
28,3700,3700,3700,3700,3700,3700,3700,3700,99,95,93,92,2302
29,3600,3600,3600,3600,3600,3600,3599,3599,100,96,93,93,2463
30,3600,3600,3600,3600,3600,3600,3600,3599,100,95,94,94,2621
31,3600,3600,3600,3600,3600,3600,3600,3599,100,94,93,92,2780
33,3600,3600,3600,3600,3600,3600,3599,3599,100,95,94,92,2870
34,3600,3600,3600,3600,3600,3600,3600,3600,100,95,94,94,2947
35,3600,3600,3600,3600,3600,3600,3600,3600,100,95,93,93,3036
37,3600,3600,3600,3600,3600,3599,3599,3599,99,95,94,92,3072
38,3600,3600,3600,3600,3600,3600,3600,3599,100,95,94,93,3113
39,3700,3700,3700,3700,3699,3699,3699,3699,100,96,94,94,3165
41,3500,3500,3500,3500,3500,3500,3500,3500,100,95,93,92,3194
42,3700,3700,3700,3700,3700,3700,3699,3699,99,96,94,94,3228
43,3600,3600,3600,3600,3600,3600,3600,3600,100,95,94,94,3271
45,3600,3600,3600,3600,3600,3600,3600,3600,100,96,94,91,3276
46,3100,3100,3100,3099,3099,3099,3099,3099,89,86,85,85,3307
47,3100,3100,3100,3100,3100,3100,3100,3099,88,85,85,84,3309
49,3100,3100,3100,3100,3100,3100,3099,3099,89,85,84,83,3309
50,3100,3100,3100,3100,3100,3100,3100,3099,88,85,85,84,3290
51,3100,3100,3100,3100,3100,3100,3100,3100,88,84,84,83,3309
53,3100,3100,3100,3100,3100,3100,3100,3099,89,85,83,83,3309
54,3100,3100,3100,3100,3100,3099,3099,3099,88,84,83,83,3298
55,3200,3200,3200,3200,3200,3200,3200,3199,88,84,83,81,3309
57,3200,3200,3200,3200,3200,3200,3200,3200,88,85,83,82,3309
58,3200,3200,3200,3200,3200,3200,3200,3200,88,84,82,81,3268
59,3200,3200,3200,3200,3200,3200,3199,3199,88,84,82,81,3220
61,3200,3200,3200,3200,3200,3200,3200,3199,86,84,83,82,3199
62,3200,3200,3200,3200,3200,3199,3199,3199,86,83,83,81,3148
63,3200,3200,3200,3200,3200,3200,3200,3199,88,82,82,81,3105
65,3200,3200,3200,3200,3200,3200,3200,3200,86,83,81,80,3062
66,3200,3200,3200,3200,3200,3200,3200,3199,86,83,82,81,3029
67,3200,3200,3200,3200,3200,3200,3200,3200,88,83,81,80,2983
69,3200,3200,3200,3200,3200,3200,3200,3200,86,83,82,80,2938
70,3200,3200,3200,3200,3200,3200,3200,3200,86,83,82,80,2884
71,3200,3200,3200,3200,3200,3200,3200,3199,88,84,81,81,2855
73,3200,3200,3200,3200,3200,3199,3199,3199,85,83,81,80,2798
74,3200,3200,3200,3200,3200,3200,3199,3199,86,84,82,80,2740
75,3200,3200,3200,3200,3200,3200,3200,3199,85,83,81,80,2704
77,3200,3200,3200,3200,3200,3200,3200,3200,85,82,82,80,2656
78,3200,3200,3200,3200,3200,3200,3200,3200,85,83,82,79,2597
79,3200,3200,3200,3200,3200,3200,3200,3199,86,83,81,80,2545
81,3200,3200,3200,3200,3200,3200,3200,3199,85,83,82,80,2509
82,3200,3200,3200,3200,3200,3200,3199,3199,85,83,82,81,2454
83,3244,3244,3244,3244,3244,3244,3244,3243,85,82,82,81,2396
85,3200,3200,3200,3200,3200,3200,3199,3199,86,83,80,80,2341
86,3200,3200,3200,3200,3200,3199,3199,3199,85,83,82,80,2298
87,3200,3200,3200,3200,3200,3200,3200,3199,85,83,81,80,2246
89,3200,3200,3200,3200,3200,3200,3199,3199,88,84,83,81,2184
90,3200,3200,3200,3200,3200,3200,3199,3199,86,83,82,81,2141
91,3200,3200,3200,3200,3200,3200,3200,3199,86,84,83,81,2093
93,3200,3200,3200,3200,3199,3199,3199,3199,86,84,83,81,2070
94,3200,3200,3200,3200,3200,3200,3200,3200,88,83,83,83,2031
95,3200,3200,3200,3200,3200,3200,3200,3199,88,85,83,83,2031
97,3200,3200,3200,3200,3200,3200,3200,3199,88,85,83,83,2008
98,3200,3200,3200,3200,3200,3200,3200,3199,85,83,83,81,1984
99,3200,3200,3200,3200,3200,3200,3199,3199,88,84,83,81,1984
101,3200,3200,3200,3200,3200,3200,3200,3199,86,85,84,81,1957
102,3200,3200,3200,3200,3200,3199,3199,3199,89,85,84,81,1998
103,3200,3200,3200,3200,3200,3200,3199,3199,88,85,84,81,1998
105,3200,3200,3200,3200,3200,3200,3199,3199,89,85,84,84,2020
106,3200,3200,3200,3200,3200,3200,3199,3199,86,85,84,83,2039
107,3200,3200,3200,3200,3200,3200,3200,3200,89,85,83,82,2056
109,3200,3200,3200,3200,3200,3200,3199,3199,88,85,84,83,2079
110,3200,3200,3200,3200,3200,3200,3200,3200,88,85,84,83,2100
111,3200,3200,3200,3200,3200,3200,3200,3199,88,85,84,83,2123
113,3200,3200,3200,3200,3200,3200,3200,3200,89,85,84,83,2144
114,3200,3200,3200,3200,3200,3200,3200,3200,88,85,84,83,2165
115,3200,3200,3200,3200,3200,3200,3200,3199,88,84,84,83,2185
117,3200,3200,3200,3200,3200,3200,3200,3199,89,85,83,83,2206
118,3200,3200,3200,3200,3200,3200,3199,3199,90,86,84,84,2229
119,3200,3200,3200,3200,3200,3200,3200,3199,89,86,85,84,2243
121,3200,3200,3200,3200,3200,3200,3200,3200,88,85,84,83,2243
122,3200,3200,3200,3200,3200,3200,3199,3199,89,85,84,84,2267
123,3200,3200,3200,3200,3200,3200,3200,3199,89,85,84,83,2284
125,3200,3200,3200,3200,3200,3200,3200,3199,90,86,85,84,2284
126,3200,3200,3200,3200,3200,3200,3199,3199,90,86,85,85,2306
127,3200,3200,3200,3200,3200,3200,3200,3200,90,86,85,84,2328
129,3200,3200,3200,3200,3200,3200,3200,3200,86,85,84,83,2328
130,3200,3200,3200,3200,3200,3200,3200,3200,89,85,84,84,2343
131,3200,3200,3200,3200,3200,3200,3200,3200,89,84,84,83,2363
133,3200,3200,3200,3200,3199,3199,3199,3199,89,84,84,84,2363
134,3200,3200,3200,3200,3200,3200,3200,3199,89,85,84,84,2381
135,3200,3200,3200,3200,3200,3200,3200,3199,89,85,84,84,2402
137,3200,3200,3200,3200,3200,3199,3199,3199,89,86,85,83,2402
138,3200,3200,3200,3200,3200,3200,3200,3199,88,85,84,84,2419
139,3200,3200,3200,3200,3200,3200,3200,3199,89,86,85,85,2436
141,3200,3200,3200,3200,3200,3200,3200,3199,89,85,84,84,2436
142,3200,3200,3200,3200,3200,3199,3199,3199,89,84,84,84,2422
143,3200,3200,3200,3200,3200,3200,3200,3199,89,85,83,83,2439
145,3200,3200,3200,3200,3200,3200,3200,3199,89,86,85,84,2459
146,3200,3200,3200,3200,3200,3200,3200,3199,89,86,84,83,2459
147,3200,3200,3200,3200,3200,3200,3200,3200,89,85,84,84,2477
149,3200,3200,3200,3200,3200,3200,3200,3199,89,84,84,84,2463
150,3200,3200,3200,3200,3200,3200,3200,3200,89,85,85,83,2463
151,3200,3200,3200,3200,3200,3200,3199,3199,89,86,84,83,2480
153,3200,3200,3200,3200,3200,3200,3199,3199,90,85,85,83,2499
154,3200,3200,3200,3200,3200,3200,3200,3200,88,86,84,83,2499
155,3200,3200,3200,3200,3200,3200,3200,3200,88,85,84,83,2517
157,3200,3200,3200,3200,3200,3200,3200,3200,88,86,84,83,2498
158,3200,3200,3200,3200,3200,3200,3200,3199,89,86,84,84,2498
159,3200,3200,3200,3200,3200,3200,3200,3199,89,85,84,83,2512
161,3200,3200,3200,3200,3200,3200,3200,3199,89,85,84,84,2499
162,3200,3200,3200,3200,3200,3200,3200,3199,89,85,84,81,2514
163,3200,3200,3200,3200,3200,3200,3199,3199,89,85,84,84,2536
165,3200,3200,3200,3200,3200,3200,3200,3199,89,86,84,84,2553
166,3200,3200,3200,3200,3200,3200,3200,3200,89,85,83,83,2553
168,3200,3200,3200,3200,3200,3200,3200,3199,88,84,84,83,2535
169,3200,3200,3200,3200,3200,3200,3200,3200,88,85,83,82,2555
170,3200,3200,3200,3200,3200,3199,3199,3199,88,84,84,83,2538
171,3200,3200,3200,3200,3200,3200,3199,3199,88,84,83,83,2538
173,3200,3200,3200,3200,3200,3200,3200,3199,88,85,83,83,2553
174,3200,3200,3200,3200,3200,3200,3200,3199,88,86,83,81,2538
176,3200,3200,3200,3200,3200,3200,3200,3200,88,84,84,83,2550
177,3200,3200,3200,3200,3200,3200,3200,3199,86,84,83,82,2570
178,3200,3200,3200,3200,3200,3200,3200,3200,86,85,83,83,2588
180,3200,3200,3200,3200,3200,3200,3200,3199,88,85,83,83,2588
181,3200,3200,3200,3200,3200,3200,3200,3200,88,84,83,83,2607
182,3200,3200,3200,3200,3200,3200,3199,3199,86,85,84,84,2588
184,3200,3200,3200,3200,3200,3200,3200,3199,88,84,84,83,2588
185,3200,3200,3200,3200,3200,3200,3200,3199,89,84,83,81,2607
186,3200,3200,3200,3200,3200,3200,3200,3199,86,85,83,83,2592
188,3200,3200,3200,3200,3200,3199,3199,3199,88,84,83,83,2592
189,3200,3200,3200,3200,3200,3200,3200,3199,88,85,83,81,2588
190,3200,3200,3200,3200,3200,3200,3200,3200,88,83,83,83,2607
192,3200,3200,3200,3200,3200,3200,3200,3200,88,84,84,84,2607
193,3200,3200,3200,3200,3200,3200,3200,3200,86,84,83,83,2624
194,3200,3200,3200,3200,3200,3200,3200,3199,86,85,83,81,2639
196,3200,3200,3200,3200,3200,3200,3200,3200,86,84,83,83,2623
197,3200,3200,3200,3200,3200,3199,3199,3199,89,86,84,83,2623
198,3200,3200,3200,3200,3200,3200,3199,3199,89,84,84,81,2642
200,3200,3200,3200,3200,3200,3200,3200,3199,89,84,83,83,2624
201,3200,3200,3200,3200,3200,3200,3199,3199,88,84,83,81,2624
202,3200,3200,3200,3200,3200,3200,3200,3199,89,86,84,83,2642
204,3200,3200,3200,3200,3200,3200,3200,3199,88,85,83,83,2626
205,3200,3200,3200,3200,3200,3200,3200,3199,86,85,83,83,2626
206,3200,3200,3200,3200,3200,3200,3200,3199,88,84,83,83,2642
208,3200,3200,3200,3200,3200,3200,3200,3199,89,85,84,83,2628
209,3200,3200,3200,3200,3200,3200,3200,3200,88,84,83,81,2628
210,3200,3200,3200,3200,3200,3200,3200,3200,88,84,83,81,2640
212,3200,3200,3200,3200,3200,3200,3200,3200,88,84,83,83,2624
213,3200,3200,3200,3200,3200,3200,3199,3199,89,85,84,81,2624
214,3200,3200,3200,3200,3200,3199,3199,3199,88,84,83,83,2639
216,3200,3200,3200,3200,3199,3199,3199,3199,88,84,83,83,2624
217,3200,3200,3200,3200,3200,3200,3200,3199,88,84,83,81,2624
218,3200,3200,3200,3200,3200,3199,3199,3199,88,85,83,81,2642
220,3200,3200,3200,3200,3200,3200,3199,3199,86,85,83,81,2628
221,3200,3200,3200,3200,3200,3200,3200,3200,86,84,83,81,2642
222,3200,3200,3200,3200,3200,3200,3199,3199,88,85,83,83,2642
224,3200,3200,3200,3200,3200,3200,3200,3199,86,84,84,83,2624
225,3200,3200,3200,3200,3200,3200,3199,3199,88,84,84,83,2639
226,3200,3200,3200,3200,3200,3200,3200,3199,88,84,83,83,2639
228,3200,3200,3200,3199,3199,3199,3199,3199,86,84,83,83,2623
229,3200,3200,3200,3200,3200,3200,3200,3200,88,85,84,81,2637
230,3200,3200,3200,3200,3200,3200,3200,3199,88,84,83,81,2637
232,3200,3200,3200,3200,3200,3200,3200,3199,88,84,83,82,2623
233,3200,3200,3200,3200,3200,3200,3200,3199,88,84,83,82,2640
234,3200,3200,3200,3200,3200,3200,3199,3199,86,85,83,82,2640
236,3200,3200,3200,3200,3200,3200,3200,3200,88,84,83,81,2628
237,3200,3200,3200,3200,3200,3200,3200,3200,88,84,82,80,2640
238,3200,3200,3200,3200,3200,3200,3200,3200,86,83,83,83,2640
240,3200,3200,3200,3200,3200,3200,3200,3199,88,85,83,83,2644
241,3200,3200,3200,3200,3200,3200,3200,3199,88,84,83,81,2655
242,3200,3200,3200,3200,3200,3200,3200,3199,86,85,83,81,2655
244,3200,3200,3200,3200,3200,3200,3199,3199,86,84,83,81,2678
245,3200,3200,3200,3200,3200,3200,3199,3199,88,84,83,83,2656
246,3200,3200,3200,3200,3200,3200,3200,3200,88,84,83,81,2676
248,3200,3200,3200,3200,3200,3200,3200,3199,86,85,83,82,2676
249,3200,3200,3200,3200,3200,3200,3199,3199,88,84,83,82,2676
250,3200,3200,3200,3200,3200,3200,3200,3200,88,85,82,81,2676
252,3200,3200,3200,3200,3200,3200,3199,3199,88,86,83,81,2676
253,3200,3200,3200,3200,3200,3200,3200,3199,88,85,83,82,2676
254,3200,3200,3200,3200,3200,3200,3199,3199,86,84,83,83,2680
256,3200,3200,3200,3200,3200,3200,3199,3199,86,84,84,82,2680
257,3200,3200,3200,3200,3200,3200,3200,3199,86,84,83,83,2660
258,3200,3200,3200,3200,3200,3199,3199,3199,86,84,82,81,2680
260,3200,3200,3200,3200,3200,3200,3200,3199,88,84,82,81,2680
261,3200,3200,3200,3200,3200,3200,3200,3199,88,84,83,82,2658
262,3200,3200,3200,3200,3200,3200,3200,3199,88,84,83,82,2676
264,3200,3200,3200,3200,3200,3200,3200,3199,88,85,83,83,2676
265,3200,3200,3200,3200,3200,3199,3199,3199,88,83,83,81,2676
266,3200,3200,3200,3200,3200,3200,3200,3200,88,84,82,81,2676
268,3200,3200,3200,3200,3200,3199,3199,3199,88,84,83,83,2678
269,3200,3200,3200,3200,3200,3200,3200,3199,86,85,83,81,2678
270,3200,3200,3200,3200,3200,3200,3200,3200,86,84,83,81,2660
272,3200,3200,3200,3200,3200,3200,3200,3200,88,83,83,83,2680
273,3200,3200,3200,3200,3200,3200,3200,3199,86,84,82,81,2680
274,3200,3200,3200,3200,3200,3200,3200,3200,86,85,83,82,2664
276,3200,3200,3200,3200,3200,3200,3200,3199,86,85,83,81,2676
277,3200,3200,3200,3200,3200,3200,3200,3200,88,84,84,84,2676
278,3200,3200,3200,3200,3200,3200,3200,3199,86,84,83,83,2680
280,3200,3200,3200,3200,3200,3200,3199,3199,88,84,83,83,2658
281,3200,3200,3200,3200,3200,3200,3200,3200,88,84,84,81,2658
282,3200,3200,3200,3200,3200,3200,3199,3199,86,84,83,81,2676
284,3200,3200,3200,3200,3200,3200,3199,3199,89,84,82,81,2680
285,3200,3200,3200,3200,3200,3200,3199,3199,88,84,83,83,2680
286,3200,3200,3200,3200,3200,3200,3199,3199,88,84,84,83,2664
288,3200,3200,3200,3200,3200,3200,3199,3199,88,84,83,83,2676
289,3200,3200,3200,3200,3200,3200,3200,3200,88,84,83,83,2676
290,3200,3200,3200,3200,3199,3199,3199,3199,86,84,83,83,2680
292,3200,3200,3200,3200,3200,3200,3199,3199,88,84,83,82,2662
293,3200,3200,3200,3200,3200,3200,3199,3199,88,84,83,81,2674
295,3200,3200,3200,3200,3200,3200,3200,3199,86,84,83,81,2674
296,3200,3200,3200,3200,3200,3200,3200,3200,86,83,83,83,2693
297,3200,3200,3200,3200,3200,3200,3199,3199,86,84,82,81,2678
299,3200,3200,3200,3200,3200,3200,3200,3200,88,85,83,83,2678
300,3200,3200,3200,3200,3200,3199,3199,3199,88,83,83,83,2658
301,3200,3200,3200,3200,3200,3200,3200,3199,88,84,83,83,2676
303,3200,3200,3200,3200,3200,3200,3200,3199,88,83,83,81,2676
304,3200,3200,3200,3200,3200,3200,3199,3199,86,84,83,83,2682
305,3200,3200,3200,3200,3200,3200,3200,3200,88,84,83,83,2662
307,3200,3200,3200,3200,3200,3200,3199,3199,88,85,84,83,2662
308,3200,3200,3200,3200,3200,3200,3200,3200,88,84,83,81,2680
309,3200,3200,3200,3200,3200,3200,3200,3200,86,84,83,81,2696
311,3200,3200,3200,3200,3200,3200,3200,3200,88,84,83,83,2696
312,3200,3200,3200,3200,3200,3200,3200,3199,88,85,84,83,2709
313,3200,3200,3200,3200,3200,3199,3199,3199,86,85,83,81,2730
315,3200,3200,3200,3200,3200,3200,3200,3200,89,84,84,83,2730
316,3200,3200,3200,3200,3200,3200,3200,3200,86,84,82,81,2709
317,3200,3200,3200,3200,3200,3200,3199,3199,88,84,83,83,2730
319,3200,3200,3200,3200,3200,3200,3199,3199,88,84,83,81,2713
320,3200,3200,3200,3200,3200,3200,3200,3199,89,84,82,81,2713
321,3200,3200,3200,3200,3200,3200,3200,3199,86,84,83,81,2732
323,3200,3200,3200,3200,3200,3200,3200,3200,86,84,83,81,2717
324,3200,3200,3200,3200,3200,3200,3200,3200,88,84,83,83,2717
325,3200,3200,3200,3200,3200,3200,3200,3200,89,84,83,83,2693
327,3200,3200,3200,3200,3200,3200,3200,3199,88,84,82,81,2709
328,3200,3200,3200,3200,3200,3200,3199,3199,85,84,83,83,2709
329,3200,3200,3200,3200,3200,3200,3200,3199,88,83,83,81,2734
331,3200,3200,3200,3200,3200,3200,3200,3199,86,83,83,81,2713
332,3200,3200,3200,3200,3200,3200,3200,3199,86,85,83,83,2713
333,3200,3200,3200,3200,3200,3200,3200,3200,88,84,83,81,2730
335,3200,3200,3200,3200,3200,3200,3200,3200,88,84,83,83,2715
336,3200,3200,3200,3200,3200,3200,3200,3199,86,83,82,80,2715
337,3200,3200,3200,3200,3200,3200,3200,3199,86,84,82,81,2693
339,3200,3200,3200,3200,3200,3200,3200,3200,88,84,83,83,2715
340,3200,3200,3200,3200,3200,3200,3200,3200,88,84,83,82,2715
341,3200,3200,3200,3200,3200,3200,3200,3200,88,85,83,81,2734
343,3200,3200,3200,3200,3199,3199,3199,3199,89,84,84,81,2713
344,3200,3200,3200,3200,3200,3200,3199,3199,88,84,82,81,2696
345,3200,3200,3200,3200,3200,3199,3199,3199,88,85,83,83,2696
347,3200,3200,3200,3200,3200,3200,3200,3199,89,84,83,81,2713
348,3200,3200,3200,3200,3200,3200,3200,3199,88,85,84,83,2730
349,3200,3200,3200,3200,3200,3200,3199,3199,88,84,82,81,2730
351,3200,3200,3200,3200,3200,3200,3200,3199,86,84,83,81,2717
352,3200,3200,3200,3200,3200,3200,3200,3199,89,85,83,81,2734
353,3200,3200,3200,3200,3200,3200,3200,3200,88,84,83,83,2734
355,3200,3200,3200,3200,3200,3200,3200,3200,86,84,83,83,2717
356,3200,3200,3200,3200,3200,3199,3199,3199,88,84,84,83,2730
357,3200,3200,3200,3200,3200,3200,3200,3199,86,83,82,81,2730
359,3200,3200,3200,3200,3200,3200,3200,3199,89,84,82,81,2713
360,3200,3200,3200,3200,3200,3200,3200,3199,88,85,83,81,2734
361,3200,3200,3200,3200,3200,3200,3200,3199,85,83,83,83,2734
363,3200,3200,3200,3200,3200,3200,3200,3200,88,84,83,83,2709
364,3200,3200,3200,3200,3200,3200,3200,3199,88,84,82,81,2734
365,3200,3200,3200,3200,3200,3200,3200,3199,88,84,83,83,2734
367,3200,3200,3200,3200,3200,3200,3200,3199,88,83,82,82,2715
368,3200,3200,3200,3200,3200,3200,3200,3199,86,84,83,81,2730
369,3200,3200,3200,3200,3200,3200,3200,3199,89,85,83,83,2730
371,3200,3200,3200,3200,3200,3200,3200,3199,88,84,81,81,2717
372,3200,3200,3200,3200,3200,3200,3199,3199,88,84,83,83,2730
373,3200,3200,3200,3200,3200,3200,3199,3199,88,83,83,82,2717
375,3200,3200,3200,3200,3200,3200,3199,3199,88,84,83,81,2717
376,3200,3200,3200,3200,3200,3199,3199,3199,86,84,83,82,2732
377,3200,3200,3200,3200,3200,3200,3200,3200,88,84,84,83,2713
379,3200,3200,3200,3199,3199,3199,3199,3199,86,83,82,80,2713
380,3200,3200,3200,3200,3200,3200,3200,3199,88,83,83,83,2728
381,3200,3200,3200,3200,3200,3200,3200,3200,88,85,83,83,2713
383,3200,3200,3200,3200,3200,3200,3200,3200,88,83,82,80,2713
384,3200,3200,3200,3200,3200,3200,3200,3200,86,83,82,81,2730
385,3200,3200,3200,3200,3200,3200,3200,3199,86,85,83,83,2713
387,3200,3200,3200,3200,3200,3200,3200,3200,88,85,83,83,2713
388,3200,3200,3200,3200,3200,3200,3199,3199,88,84,83,81,2734
389,3200,3200,3200,3200,3200,3200,3200,3200,86,84,82,80,2713
391,3200,3200,3200,3200,3200,3199,3199,3199,88,83,82,81,2713
392,3200,3200,3200,3200,3200,3200,3199,3199,86,83,82,80,2730
393,3200,3200,3200,3200,3200,3200,3199,3199,88,85,84,81,2711
395,3200,3200,3200,3200,3200,3200,3200,3200,86,84,82,81,2711
396,3200,3200,3200,3200,3200,3200,3200,3199,88,83,83,83,2726
397,3200,3200,3200,3200,3200,3200,3199,3199,86,84,83,80,2717
399,3200,3200,3200,3200,3200,3200,3199,3199,88,83,82,81,2734
400,3200,3200,3200,3200,3200,3200,3199,3199,86,83,83,80,2734
