Time,Freq1,Freq2,Freq3,Freq4,Freq5,Freq6,Freq7,Freq8,Temp1,Temp2,Temp3,Temp4,Fan1,Fan2
0,3493,3492,3491,3490,3490,3489,3489,3488,53,52,51,50,0,0
1,3488,3488,3488,3488,3488,3488,3488,3488,79,79,76,72,0,0
2,3488,3488,3488,3488,3488,3488,3488,3488,81,81,78,76,2835,2843
3,3488,3488,3488,3488,3488,3488,3488,3488,82,81,79,77,3103,3064
5,3488,3488,3488,3488,3488,3488,3488,3488,83,81,80,79,3115,3038
6,3488,3488,3488,3488,3488,3488,3488,3488,84,83,80,79,3236,3207
7,3488,3488,3488,3488,3488,3488,3488,3488,84,84,81,79,3495,3419
8,3489,3488,3488,3488,3488,3488,3488,3488,85,84,81,79,3637,3555
9,3489,3488,3488,3488,3488,3488,3488,3488,85,85,81,79,3716,3647
10,3488,3488,3488,3488,3488,3488,3488,3488,86,85,82,79,3777,3674
11,3488,3488,3488,3488,3488,3488,3488,3488,87,86,82,81,3840,3685
12,3489,3488,3488,3488,3488,3488,3488,3488,87,87,82,81,3840,3681
13,3488,3488,3488,3488,3488,3488,3488,3488,87,87,84,81,3840,3674
14,3488,3488,3488,3488,3488,3488,3488,3488,88,88,84,82,3893,3727
15,3488,3488,3488,3488,3488,3488,3488,3488,89,89,85,83,4020,3784
16,3488,3488,3488,3488,3488,3488,3488,3488,90,89,85,82,4178,3832
17,3488,3488,3488,3488,3488,3488,3488,3488,91,90,85,82,4246,3858
18,3488,3488,3488,3488,3488,3488,3488,3488,91,90,86,82,4283,3881
19,3488,3488,3488,3488,3488,3488,3488,3488,91,90,87,83,4278,3881
21,3488,3488,3488,3488,3488,3488,3488,3488,91,90,87,83,4283,3881
22,3488,3488,3488,3488,3488,3488,3488,3488,92,92,88,83,4283,3881
23,3488,3488,3488,3488,3488,3488,3488,3488,92,91,88,83,4283,3881
24,3488,3488,3488,3488,3488,3488,3488,3488,92,92,88,83,4283,3874
25,3488,3488,3488,3488,3488,3488,3488,3488,93,92,89,85,4283,3877
26,3488,3488,3488,3488,3488,3488,3488,3488,94,91,90,83,4274,3881
27,3488,3488,3488,3488,3488,3488,3488,3488,94,93,90,84,4283,3877
28,3488,3488,3488,3488,3488,3488,3488,3488,95,93,90,85,4283,3877
29,3488,3488,3488,3488,3488,3488,3488,3488,95,92,91,84,4278,3881
30,3488,3488,3488,3488,3488,3488,3488,3488,95,94,91,85,4278,3881
31,3489,3488,3488,3488,3488,3488,3488,3488,96,94,90,85,4274,3874
32,3488,3488,3488,3488,3488,3488,3488,3488,96,94,91,85,4278,3877
33,3488,3488,3488,3488,3488,3488,3488,3488,96,94,92,85,4278,3877
34,3488,3488,3488,3488,3488,3488,3488,3488,97,96,92,85,4278,3885
35,3488,3488,3488,3488,3488,3488,3488,3488,96,95,93,86,4283,3893
36,3488,3488,3488,3488,3488,3488,3488,3488,97,96,92,85,4278,3889
38,3489,3488,3488,3488,3488,3488,3488,3488,98,96,92,85,4283,3893
39,3488,3488,3488,3488,3488,3488,3488,3488,98,96,93,87,4274,3889
40,3488,3488,3488,3488,3488,3488,3488,3488,98,96,94,86,4278,3889
41,3489,3488,3488,3488,3488,3488,3488,3488,98,97,94,87,4278,3885
42,3488,3488,3488,3488,3488,3488,3488,3488,98,97,95,86,4278,3885
43,3488,3488,3488,3488,3488,3488,3488,3488,99,98,95,87,4274,3889
44,3488,3488,3488,3488,3488,3488,3488,3488,100,98,95,87,4278,3889
45,3488,3488,3488,3488,3488,3488,3488,3488,100,98,95,87,4278,3881
46,3488,3488,3488,3488,3488,3488,3488,3488,100,99,96,88,4278,3885
47,3488,3488,3488,3488,3488,3488,3488,3488,100,98,95,87,4278,3885
48,3488,3488,3488,3488,3488,3488,3488,3488,101,100,96,88,4283,3881
49,3488,3488,3488,3488,3488,3488,3488,3488,101,99,96,88,4278,3881
50,3488,3488,3488,3488,3488,3488,3488,3488,102,99,96,88,4274,3885
51,3488,3488,3488,3488,3488,3488,3488,3488,102,99,97,88,4274,3885
52,3488,3488,3488,3488,3488,3488,3488,3488,102,100,97,89,4278,3885
54,3488,3488,3488,3488,3488,3488,3488,3488,103,100,98,88,4278,3885
55,3489,3488,3488,3488,3488,3488,3488,3488,102,100,98,88,4278,3881
56,3488,3488,3488,3488,3488,3488,3488,3488,103,100,99,89,4274,3881
57,3488,3488,3488,3488,3488,3488,3488,3488,104,100,99,89,4278,3885
58,3488,3488,3488,3488,3488,3488,3488,3488,104,101,100,89,4274,3889
59,3488,3488,3488,3488,3488,3488,3488,3488,105,101,100,90,4278,3881
60,3488,3488,3488,3488,3488,3488,3488,3488,105,102,100,89,4274,3889
61,3488,3488,3488,3488,3488,3488,3488,3488,104,101,100,89,4278,3881
62,3488,3488,3488,3488,3488,3488,3488,3488,105,101,99,90,4278,3885
63,3488,3488,3488,3488,3488,3488,3488,3488,103,101,99,90,4278,3881
64,3488,3488,3488,3488,3488,3488,3488,3488,105,100,99,88,4274,3885
65,3488,3488,3488,3488,3488,3488,3488,3488,105,102,100,90,4278,3881
66,3488,3488,3488,3488,3488,3488,3488,3488,105,102,99,90,4278,3881
67,3488,3488,3488,3488,3488,3488,3488,3488,104,100,99,90,4274,3881
68,3489,3488,3488,3488,3488,3488,3488,3488,105,102,100,89,4278,3885
69,3488,3488,3488,3488,3488,3488,3488,3488,104,102,100,89,4278,3881
71,3189,3189,3189,3189,3189,3189,3189,3189,100,97,95,86,4274,3881
72,3488,3488,3488,3488,3488,3488,3488,3488,103,100,97,89,4278,3881
73,3189,3189,3189,3189,3189,3189,3189,3189,98,95,94,85,4278,3881
74,3488,3488,3488,3488,3488,3488,3488,3488,102,101,99,89,4278,3881
75,3189,3189,3189,3189,3189,3189,3189,3189,97,94,94,84,4278,3885
76,3488,3488,3488,3488,3488,3488,3488,3488,104,100,99,90,4278,3881
77,3190,3189,3189,3189,3189,3189,3189,3189,96,94,93,84,4278,3881
78,3488,3488,3488,3488,3488,3488,3488,3488,104,101,100,89,4274,3881
79,3189,3189,3189,3189,3189,3189,3189,3189,97,94,93,84,4278,3889
80,3488,3488,3488,3488,3488,3488,3488,3488,105,102,100,90,4278,3881
81,3190,3189,3189,3189,3189,3189,3189,3189,96,93,93,84,4278,3881
82,3490,3488,3488,3488,3488,3488,3488,3488,105,102,101,90,4274,3885
83,3489,3488,3488,3488,3488,3488,3488,3488,98,97,95,87,4274,3885
84,3189,3189,3189,3189,3189,3189,3189,3189,100,97,96,86,4278,3881
85,3488,3488,3488,3488,3488,3488,3488,3488,101,100,98,88,4274,3881
87,3189,3189,3189,3189,3189,3189,3189,3189,99,96,95,85,4278,3881
88,3488,3488,3488,3488,3488,3488,3488,3488,102,100,99,88,4274,3877
89,3189,3189,3189,3189,3189,3189,3189,3189,98,95,95,86,4274,3881
90,3488,3488,3488,3488,3488,3488,3488,3488,103,101,99,89,4278,3881
91,3190,3189,3189,3189,3189,3189,3189,3189,97,95,94,85,4278,3885
92,3488,3488,3488,3488,3488,3488,3488,3488,104,101,100,90,4274,3881
93,3189,3189,3189,3189,3189,3189,3189,3189,96,95,94,84,4274,3881
94,3488,3488,3488,3488,3488,3488,3488,3488,105,102,100,90,4274,3881
95,3189,3189,3189,3189,3189,3189,3189,3189,96,94,93,84,4278,3877
96,3488,3488,3488,3488,3488,3488,3488,3488,105,102,99,90,4278,3881
97,3207,3206,3206,3206,3192,3190,3190,3188,97,94,93,84,4269,3885
98,3189,3189,3189,3189,3189,3189,3189,3189,101,98,97,87,4278,3881
99,3488,3488,3488,3488,3488,3488,3488,3488,101,100,98,89,4274,3881
100,3189,3189,3189,3189,3189,3189,3189,3189,99,96,95,86,4278,3885
101,3488,3488,3488,3488,3488,3488,3488,3488,104,100,98,89,4274,3881
102,3190,3189,3189,3189,3189,3189,3189,3189,98,96,95,85,4278,3881
104,3488,3488,3488,3488,3488,3488,3488,3488,103,101,99,89,4274,3881
105,3189,3189,3189,3189,3189,3189,3189,3189,98,96,94,86,4274,3881
106,3488,3488,3488,3488,3488,3488,3488,3488,104,103,99,90,4278,3881
107,3189,3189,3189,3189,3189,3189,3189,3189,98,95,93,86,4269,3885
108,3488,3488,3488,3488,3488,3488,3488,3488,105,102,100,90,4278,3881
109,3189,3189,3189,3189,3189,3189,3189,3189,97,94,93,84,4274,3881
110,3434,3433,3433,3433,3413,3394,3390,3389,105,102,99,90,4278,3877
111,3189,3189,3189,3189,3189,3189,3189,3189,97,94,92,86,4274,3881
112,3486,3483,3483,3474,3469,3468,3467,3466,105,101,100,89,4274,3881
113,3488,3488,3488,3488,3488,3488,3488,3488,100,98,97,89,4269,3881
114,3189,3189,3189,3189,3189,3189,3189,3189,100,97,95,86,4278,3881
115,3488,3488,3488,3488,3488,3488,3488,3488,102,100,98,89,4274,3881
116,3189,3189,3189,3189,3189,3189,3189,3189,99,96,95,86,4274,3881
117,3488,3488,3488,3488,3488,3488,3488,3488,104,101,100,90,4274,3881
118,3189,3189,3189,3189,3189,3189,3189,3189,97,95,95,86,4269,3881
120,3488,3488,3488,3488,3488,3488,3488,3488,104,102,100,91,4278,3881
121,3189,3189,3189,3189,3189,3189,3189,3189,97,94,94,86,4274,3881
122,3488,3488,3488,3488,3488,3488,3488,3488,104,102,100,90,4278,3881
123,3189,3189,3189,3189,3189,3189,3189,3189,97,94,94,87,4274,3881
124,3475,3475,3475,3475,3431,3403,3399,3392,105,101,100,91,4274,3881
125,3189,3189,3189,3189,3189,3189,3189,3189,96,95,94,86,4274,3874
126,3488,3488,3488,3488,3488,3488,3488,3488,105,103,100,91,4269,3881
127,3239,3238,3238,3237,3192,3191,3191,3190,97,94,93,86,4269,3881
128,3189,3189,3189,3189,3189,3189,3189,3189,101,98,96,88,4274,3877
129,3488,3488,3488,3488,3488,3488,3488,3488,102,100,98,90,4274,3877
130,3189,3189,3189,3189,3189,3189,3189,3189,99,96,95,87,4278,3881
131,3489,3488,3488,3488,3488,3488,3488,3488,103,101,99,91,4269,3881
132,3189,3189,3189,3189,3189,3189,3189,3189,99,96,95,86,4278,3881
133,3489,3488,3488,3488,3488,3488,3488,3488,104,101,100,90,4278,3881
134,3189,3189,3189,3189,3189,3189,3189,3189,98,95,94,86,4278,3881
136,3488,3488,3488,3488,3488,3488,3488,3488,105,102,100,92,4274,3881
137,3189,3189,3189,3189,3189,3189,3189,3189,98,95,94,86,4269,3881
138,3489,3488,3488,3488,3488,3488,3488,3488,104,101,100,89,4278,3877
139,3189,3189,3189,3189,3189,3189,3189,3189,97,95,94,85,4269,3881
140,3489,3488,3488,3488,3488,3488,3488,3488,105,102,100,91,4278,3881
141,3190,3189,3189,3189,3189,3189,3189,3189,97,94,94,85,4274,3881
142,3189,3189,3189,3189,3189,3189,3189,3189,104,102,99,90,4269,3877
143,3489,3488,3488,3488,3488,3488,3488,3488,102,99,98,89,4269,3881
144,3189,3189,3189,3189,3189,3189,3189,3189,101,97,96,87,4274,3877
145,3488,3488,3488,3488,3488,3488,3488,3488,103,101,98,90,4278,3877
146,3189,3189,3189,3189,3189,3189,3189,3189,99,96,95,87,4278,3881
147,3488,3488,3488,3488,3488,3488,3488,3488,104,101,99,91,4274,3877
148,3189,3189,3189,3189,3189,3189,3189,3189,99,96,95,87,4278,3881
149,3488,3488,3488,3488,3488,3488,3488,3488,104,102,99,90,4278,3881
150,3189,3189,3189,3189,3189,3189,3189,3189,98,96,94,86,4274,3881
151,3436,3435,3435,3435,3430,3395,3391,3389,103,100,98,89,4278,3881
153,3189,3189,3189,3189,3189,3189,3189,3189,98,95,94,86,4278,3881
154,3488,3488,3488,3488,3488,3488,3488,3488,105,102,100,90,4274,3881
155,3189,3189,3189,3189,3189,3189,3189,3189,98,94,93,86,4274,3877
156,3489,3488,3488,3488,3488,3488,3488,3488,105,100,99,89,4269,3881
157,3488,3488,3488,3488,3488,3488,3488,3488,98,95,95,86,4278,3877
158,3190,3189,3189,3189,3189,3189,3189,3189,100,99,96,87,4269,3874
159,3488,3488,3488,3488,3488,3488,3488,3488,103,101,99,89,4278,3877
160,3190,3189,3189,3189,3189,3189,3189,3189,99,98,95,87,4274,3874
161,3488,3488,3488,3488,3488,3488,3488,3488,103,101,98,88,4274,3881
162,3190,3189,3189,3189,3189,3189,3189,3189,99,96,95,86,4274,3881
163,3488,3488,3488,3488,3488,3488,3488,3488,105,103,99,90,4274,3881
164,3189,3189,3189,3189,3189,3189,3189,3189,99,96,95,85,4274,3877
165,3489,3488,3488,3488,3488,3488,3488,3488,104,102,99,89,4269,3877
166,3189,3189,3189,3189,3189,3189,3189,3189,98,96,95,86,4278,3874
167,3487,3487,3487,3486,3475,3475,3466,3464,105,103,100,90,4274,3877
169,3190,3189,3189,3189,3189,3189,3189,3189,98,96,93,85,4274,3881
170,3488,3488,3488,3488,3488,3488,3488,3488,105,102,99,89,4278,3881
171,3189,3189,3189,3189,3189,3189,3189,3189,97,94,94,84,4269,3874
172,3189,3189,3189,3189,3189,3189,3189,3189,102,98,97,88,4278,3881
173,3488,3488,3488,3488,3488,3488,3488,3488,103,101,98,89,4269,3881
174,3189,3189,3189,3189,3189,3189,3189,3189,99,97,96,87,4278,3881
175,3489,3489,3488,3488,3488,3488,3488,3488,104,102,99,90,4278,3874
176,3189,3189,3189,3189,3189,3189,3189,3189,100,96,95,86,4274,3881
177,3489,3488,3488,3488,3488,3488,3488,3488,105,102,99,91,4269,3874
178,3190,3189,3189,3189,3189,3189,3189,3189,98,96,95,86,4269,3877
179,3488,3488,3488,3488,3488,3488,3488,3488,105,102,99,90,4269,3881
180,3189,3189,3189,3189,3189,3189,3189,3189,98,95,94,85,4278,3881
181,3487,3487,3487,3487,3487,3487,3486,3474,105,102,100,92,4274,3874
182,3189,3189,3189,3189,3189,3189,3189,3189,98,96,95,85,4269,3877
183,3488,3488,3486,3484,3481,3481,3481,3481,105,101,99,90,4269,3881
185,3190,3189,3189,3189,3189,3189,3189,3189,98,95,94,85,4274,3881
186,3442,3440,3435,3422,3273,3272,3272,3272,105,102,100,91,4274,3877
187,3488,3488,3488,3488,3488,3488,3488,3488,103,100,97,89,4278,3877
188,3189,3189,3189,3189,3189,3189,3189,3189,100,97,97,87,4274,3877
189,3488,3488,3488,3488,3488,3488,3488,3488,104,101,99,90,4274,3877
190,3189,3189,3189,3189,3189,3189,3189,3189,99,97,95,87,4274,3881
191,3488,3488,3488,3488,3488,3488,3488,3488,104,102,99,91,4278,3877
192,3189,3189,3189,3189,3189,3189,3189,3189,99,96,96,86,4274,3881
193,3488,3488,3488,3488,3488,3488,3488,3488,104,102,99,89,4278,3874
194,3189,3189,3189,3189,3189,3189,3189,3189,98,95,95,86,4269,3881
195,3484,3484,3484,3484,3468,3446,3441,3395,105,101,99,90,4278,3881
196,3189,3189,3189,3189,3189,3189,3189,3189,98,96,93,86,4274,3881
197,3488,3488,3488,3488,3488,3488,3488,3488,104,101,98,90,4269,3881
198,3189,3189,3189,3189,3189,3189,3189,3189,98,95,93,86,4274,3881
199,3486,3486,3486,3486,3468,3464,3406,3400,104,101,99,90,4274,3877
200,3488,3488,3488,3488,3488,3488,3488,3488,98,95,93,86,4274,3877
202,3189,3189,3189,3189,3189,3189,3189,3189,102,99,96,87,4274,3877
203,3489,3488,3488,3488,3488,3488,3488,3488,103,101,99,89,4274,3877
204,3190,3189,3189,3189,3189,3189,3189,3189,100,97,95,86,4274,3874
205,3488,3488,3488,3488,3488,3488,3488,3488,104,102,99,90,4269,3877
206,3189,3189,3189,3189,3189,3189,3189,3189,99,96,95,86,4274,3881
207,3488,3488,3488,3488,3488,3488,3488,3488,105,102,99,90,4274,3877
208,3189,3189,3189,3189,3189,3189,3189,3189,99,96,94,86,4274,3877
209,3488,3488,3488,3488,3488,3488,3488,3488,105,101,99,90,4269,3877
210,3190,3189,3189,3189,3189,3189,3189,3189,99,95,94,85,4278,3877
211,3488,3488,3488,3488,3488,3488,3488,3488,105,101,99,89,4274,3874
212,3190,3189,3189,3189,3189,3189,3189,3189,98,95,94,86,4269,3881
213,3475,3475,3475,3475,3401,3397,3396,3391,105,101,99,89,4269,3881
214,3189,3189,3189,3189,3189,3189,3189,3189,98,96,94,85,4274,3881
215,3189,3189,3189,3189,3189,3189,3189,3189,103,99,98,88,4274,3881
216,3489,3488,3488,3488,3488,3488,3488,3488,103,100,98,89,4274,3881
218,3189,3189,3189,3189,3189,3189,3189,3189,101,97,96,87,4269,3877
219,3488,3488,3488,3488,3488,3488,3488,3488,104,101,99,90,4274,3877
220,3189,3189,3189,3189,3189,3189,3189,3189,100,96,96,88,4274,3881
221,3488,3488,3488,3488,3488,3488,3488,3488,105,102,100,92,4274,3881
222,3189,3189,3189,3189,3189,3189,3189,3189,98,96,95,86,4278,3877
223,3486,3486,3486,3486,3474,3472,3449,3431,105,101,100,90,4274,3877
224,3189,3189,3189,3189,3189,3189,3189,3189,99,96,94,87,4274,3877
225,3488,3488,3488,3488,3488,3488,3488,3488,105,102,100,90,4278,3881
226,3189,3189,3189,3189,3189,3189,3189,3189,97,94,94,86,4274,3874
227,3453,3453,3453,3453,3400,3399,3393,3391,103,100,98,89,4278,3877
228,3190,3189,3189,3189,3189,3189,3189,3189,98,95,95,86,4269,3881
229,3470,3469,3462,3462,3461,3460,3459,3453,104,101,100,90,4274,3877
230,3488,3488,3488,3488,3488,3488,3488,3488,101,98,98,90,4274,3881
231,3189,3189,3189,3189,3189,3189,3189,3189,101,97,96,88,4274,3874
232,3489,3488,3488,3488,3488,3488,3488,3488,104,101,99,90,4278,3874
234,3189,3189,3189,3189,3189,3189,3189,3189,100,97,95,87,4269,3874
235,3489,3488,3488,3488,3488,3488,3488,3488,104,100,98,89,4278,3881
236,3189,3189,3189,3189,3189,3189,3189,3189,100,96,95,86,4274,3881
237,3488,3488,3488,3488,3488,3488,3488,3488,104,102,99,90,4269,3874
238,3189,3189,3189,3189,3189,3189,3189,3189,98,96,93,86,4274,3877
239,3458,3458,3458,3458,3400,3392,3391,3391,104,100,98,88,4274,3874
240,3190,3189,3189,3189,3189,3189,3189,3189,98,96,94,86,4274,3877
241,3487,3487,3486,3473,3473,3473,3473,3465,105,101,100,90,4278,3881
242,3189,3189,3189,3189,3189,3189,3189,3189,98,96,93,87,4278,3881
243,3488,3488,3488,3488,3488,3488,3488,3488,104,101,98,89,4269,3877
244,3488,3488,3488,3488,3488,3488,3488,3488,99,96,94,86,4269,3877
245,3189,3189,3189,3189,3189,3189,3189,3189,102,98,97,87,4274,3870
246,3488,3488,3488,3488,3488,3488,3488,3488,105,101,98,89,4274,3877
247,3189,3189,3189,3189,3189,3189,3189,3189,100,97,95,87,4269,3881
248,3488,3488,3488,3488,3488,3488,3488,3488,105,102,99,91,4269,3893
249,3189,3189,3189,3189,3189,3189,3189,3189,100,96,96,86,4269,3893
251,3489,3488,3488,3488,3488,3488,3488,3488,105,100,99,90,4269,3897
252,3189,3189,3189,3189,3189,3189,3189,3189,100,96,95,86,4269,3897
253,3488,3488,3488,3488,3488,3488,3488,3488,105,101,99,89,4269,3893
254,3189,3189,3189,3189,3189,3189,3189,3189,100,95,95,87,4274,3889
255,3438,3437,3437,3437,3400,3395,3395,3392,105,101,99,88,4278,3897
256,3189,3189,3189,3189,3189,3189,3189,3189,98,95,94,86,4274,3889
257,3477,3477,3477,3477,3412,3396,3394,3391,104,101,99,89,4274,3893
258,3189,3189,3189,3189,3189,3189,3189,3189,98,95,94,86,4274,3893
259,3189,3189,3189,3189,3189,3189,3189,3189,102,98,97,88,4269,3889
260,3488,3488,3488,3488,3488,3488,3488,3488,103,101,98,90,4274,3893
261,3190,3189,3189,3189,3189,3189,3189,3189,100,97,96,86,4274,3897
262,3488,3488,3488,3488,3488,3488,3488,3488,105,102,100,91,4274,3893
263,3189,3189,3189,3189,3189,3189,3189,3189,100,96,95,86,4269,3893
264,3488,3488,3488,3488,3488,3488,3488,3488,105,101,99,90,4274,3889
265,3190,3189,3189,3189,3189,3189,3189,3189,100,96,95,86,4269,3889
267,3488,3488,3488,3488,3488,3488,3488,3488,105,102,100,91,4269,3893
268,3189,3189,3189,3189,3189,3189,3189,3189,98,95,94,86,4269,3889
269,3488,3487,3485,3484,3469,3469,3469,3468,105,101,99,90,4278,3889
270,3189,3189,3189,3189,3189,3189,3189,3189,98,96,94,86,4274,3893
271,3447,3447,3447,3447,3415,3396,3390,3389,105,101,99,90,4269,3897
272,3189,3189,3189,3189,3189,3189,3189,3189,98,95,94,87,4274,3893
273,3190,3189,3189,3189,3189,3189,3189,3189,105,101,98,90,4269,3893
274,3488,3488,3488,3488,3488,3488,3488,3488,102,99,98,90,4274,3889
275,3190,3189,3189,3189,3189,3189,3189,3189,100,98,95,88,4274,3893
276,3488,3488,3488,3488,3488,3488,3488,3488,105,102,98,90,4269,3889
277,3189,3189,3189,3189,3189,3189,3189,3189,100,96,95,86,4274,3897
278,3444,3415,3413,3413,3413,3412,3393,3389,104,100,98,89,4274,3893
279,3189,3189,3189,3189,3189,3189,3189,3189,99,95,95,87,4274,3897
280,3458,3458,3458,3458,3403,3394,3391,3389,104,101,100,90,4269,3893
281,3189,3189,3189,3189,3189,3189,3189,3189,99,96,94,87,4274,3889
283,3457,3457,3457,3457,3404,3392,3392,3390,104,101,98,91,4274,3897
284,3189,3189,3189,3189,3189,3189,3189,3189,98,96,94,87,4274,3889
285,3486,3482,3482,3474,3450,3450,3450,3450,105,102,99,91,4274,3893
286,3189,3189,3189,3189,3189,3189,3189,3189,98,95,94,86,4269,3893
287,3487,3485,3484,3476,3471,3471,3471,3471,105,101,99,89,4274,3893
288,3488,3488,3488,3488,3488,3488,3488,3488,100,98,97,88,4274,3889
289,3189,3189,3189,3189,3189,3189,3189,3189,101,98,96,88,4269,3897
290,3489,3489,3488,3488,3488,3488,3488,3488,104,102,99,90,4274,3889
291,3189,3189,3189,3189,3189,3189,3189,3189,100,97,95,87,4274,3897
292,3488,3488,3488,3488,3488,3488,3488,3488,104,102,99,90,4264,3889
293,3189,3189,3189,3189,3189,3189,3189,3189,99,96,95,86,4274,3893
294,3419,3419,3419,3418,3406,3393,3391,3389,104,101,99,89,4264,3897
295,3189,3189,3189,3189,3189,3189,3189,3189,99,95,95,85,4269,3897
296,3486,3463,3456,3392,3392,3391,3389,3379,104,101,99,89,4269,3893
297,3189,3189,3189,3189,3189,3189,3189,3189,98,95,94,86,4278,3893
298,3488,3488,3488,3488,3488,3488,3488,3488,105,101,99,89,4269,3889
300,3189,3189,3189,3189,3189,3189,3189,3189,98,95,94,85,4269,3893
301,3488,3487,3481,3469,3463,3462,3462,3462,105,102,100,90,4278,3889
302,3489,3488,3488,3488,3488,3488,3488,3488,98,94,94,86,4269,3889
303,3189,3189,3189,3189,3189,3189,3189,3189,102,98,97,87,4274,3893
304,3488,3488,3488,3488,3488,3488,3488,3488,103,101,98,90,4269,3889
305,3189,3189,3189,3189,3189,3189,3189,3189,100,97,96,87,4274,3893
306,3488,3488,3488,3488,3488,3488,3488,3488,105,103,99,91,4274,3889
307,3189,3189,3189,3189,3189,3189,3189,3189,99,97,96,88,4269,3889
308,3488,3488,3488,3488,3488,3488,3488,3488,105,102,100,91,4269,3897
309,3189,3189,3189,3189,3189,3189,3189,3189,99,96,96,86,4274,3893
310,3488,3488,3488,3488,3488,3488,3488,3488,104,102,99,91,4269,3893
311,3189,3189,3189,3189,3189,3189,3189,3189,98,95,94,87,4269,3889
312,3489,3488,3488,3488,3488,3488,3488,3488,104,101,98,89,4274,3893
313,3189,3189,3189,3189,3189,3189,3189,3189,98,96,94,86,4274,3893
314,3464,3464,3464,3464,3398,3397,3390,3390,105,102,100,90,4274,3893
316,3190,3189,3189,3189,3189,3189,3189,3189,98,95,94,86,4278,3889
317,3190,3189,3189,3189,3189,3189,3189,3189,102,98,97,87,4274,3893
318,3488,3488,3488,3488,3488,3488,3488,3488,104,101,99,89,4274,3897
319,3190,3189,3189,3189,3189,3189,3189,3189,101,97,96,86,4274,3893
320,3488,3488,3488,3488,3488,3488,3488,3488,105,102,100,90,4274,3897
321,3189,3189,3189,3189,3189,3189,3189,3189,100,96,96,86,4269,3893
322,3488,3488,3488,3488,3488,3488,3488,3488,104,100,98,88,4274,3889
323,3189,3189,3189,3189,3189,3189,3189,3189,100,95,95,87,4269,3897
324,3488,3488,3488,3488,3488,3488,3488,3488,104,102,99,90,4278,3897
325,3189,3189,3189,3189,3189,3189,3189,3189,99,95,94,87,4274,3893
326,3463,3437,3437,3437,3437,3393,3390,3390,105,101,99,89,4269,3889
327,3189,3189,3189,3189,3189,3189,3189,3189,98,96,94,86,4269,3889
328,3488,3488,3488,3488,3488,3488,3488,3488,105,102,100,90,4269,3893
329,3190,3189,3189,3189,3189,3189,3189,3189,98,94,94,86,4269,3893
330,3189,3189,3189,3189,3189,3189,3189,3189,104,102,99,89,4269,3889
332,3488,3488,3488,3488,3488,3488,3488,3488,102,100,98,90,4274,3897
333,3190,3189,3189,3189,3189,3189,3189,3189,101,98,96,88,4269,3893
334,3489,3488,3488,3488,3488,3488,3488,3488,104,102,99,91,4269,3893
335,3189,3189,3189,3189,3189,3189,3189,3189,99,96,95,87,4269,3893
336,3488,3488,3488,3488,3488,3488,3488,3488,105,102,99,89,4274,3893
337,3189,3189,3189,3189,3189,3189,3189,3189,99,96,96,86,4269,3893
338,3488,3488,3488,3488,3488,3488,3488,3488,104,102,100,89,4269,3893
339,3189,3189,3189,3189,3189,3189,3189,3189,99,96,95,86,4269,3897
340,3339,3339,3339,3339,3308,3299,3292,3291,104,101,100,89,4274,3889
341,3189,3189,3189,3189,3189,3189,3189,3189,98,95,94,86,4274,3893
342,3488,3488,3488,3488,3488,3488,3488,3488,105,102,101,92,4274,3893
343,3189,3189,3189,3189,3189,3189,3189,3189,98,95,95,86,4274,3889
344,3488,3488,3488,3488,3488,3488,3488,3488,105,102,100,90,4269,3893
345,3489,3488,3488,3488,3488,3488,3488,3488,100,98,97,88,4274,3897
346,3189,3189,3189,3189,3189,3189,3189,3189,101,97,96,87,4269,3893
348,3488,3488,3488,3488,3488,3488,3488,3488,104,102,100,90,4269,3889
349,3190,3189,3189,3189,3189,3189,3189,3189,100,97,95,87,4269,3893
350,3488,3488,3488,3488,3488,3488,3488,3488,105,103,99,89,4274,3889
351,3189,3189,3189,3189,3189,3189,3189,3189,100,96,95,86,4269,3893
352,3488,3488,3488,3488,3488,3488,3488,3488,104,101,99,89,4274,3889
353,3189,3189,3189,3189,3189,3189,3189,3189,99,96,95,87,4274,3889
354,3340,3340,3340,3340,3333,3291,3291,3290,105,101,99,90,4274,3893
355,3189,3189,3189,3189,3189,3189,3189,3189,98,95,95,86,4278,3889
356,3488,3488,3488,3488,3488,3488,3488,3488,105,102,99,90,4274,3889
357,3189,3189,3189,3189,3189,3189,3189,3189,98,95,94,86,4274,3889
358,3436,3436,3436,3436,3406,3403,3390,3389,105,101,99,89,4278,3893
359,3488,3488,3488,3488,3488,3488,3488,3488,98,94,93,85,4269,3893
360,3189,3189,3189,3189,3189,3189,3189,3189,101,97,97,88,4274,3893
361,3488,3488,3488,3488,3488,3488,3488,3488,104,101,99,90,4274,3893
362,3189,3189,3189,3189,3189,3189,3189,3189,100,97,96,87,4269,3893
363,3488,3488,3488,3488,3488,3488,3488,3488,105,102,100,90,4269,3889
365,3189,3189,3189,3189,3189,3189,3189,3189,100,97,96,86,4278,3893
366,3488,3488,3488,3488,3488,3488,3488,3488,104,103,98,90,4274,3889
367,3189,3189,3189,3189,3189,3189,3189,3189,99,96,94,87,4274,3893
368,3488,3488,3488,3488,3488,3488,3488,3488,104,101,99,90,4274,3893
369,3189,3189,3189,3189,3189,3189,3189,3189,99,96,95,86,4274,3897
370,3488,3488,3488,3488,3488,3488,3488,3488,104,102,99,89,4278,3889
371,3189,3189,3189,3189,3189,3189,3189,3189,98,95,94,86,4274,3897
372,3361,3361,3361,3360,3296,3293,3291,3290,104,101,98,89,4274,3893
373,3189,3189,3189,3189,3189,3189,3189,3189,98,96,94,85,4274,3893
374,3189,3189,3189,3189,3189,3189,3189,3189,102,100,98,87,4269,3893
375,3488,3488,3488,3488,3488,3488,3488,3488,103,101,99,89,4269,3889
376,3189,3189,3189,3189,3189,3189,3189,3189,100,97,96,87,4274,3889
377,3488,3488,3488,3488,3488,3488,3488,3488,104,102,99,91,4274,3889
378,3190,3189,3189,3189,3189,3189,3189,3189,100,96,95,86,4278,3893
379,3488,3488,3488,3488,3488,3488,3488,3488,105,101,99,89,4274,3893
381,3189,3189,3189,3189,3189,3189,3189,3189,99,96,94,86,4274,3893
382,3488,3488,3488,3488,3488,3488,3488,3488,104,102,99,90,4278,3889
383,3190,3189,3189,3189,3189,3189,3189,3189,99,96,95,87,4274,3889
384,3488,3488,3488,3488,3488,3488,3488,3488,104,101,99,89,4269,3889
385,3190,3189,3189,3189,3189,3189,3189,3189,99,95,94,86,4269,3897
386,3431,3431,3431,3431,3400,3394,3390,3389,103,101,98,89,4274,3889
387,3190,3189,3189,3189,3189,3189,3189,3189,98,96,94,87,4274,3893
388,3478,3438,3429,3411,3277,3277,3277,3276,104,102,100,90,4269,3889
389,3488,3488,3488,3488,3488,3488,3488,3488,101,99,98,89,4274,3893
390,3189,3189,3189,3189,3189,3189,3189,3189,101,97,96,86,4269,3893
391,3488,3488,3488,3488,3488,3488,3488,3488,104,101,100,90,4269,3893
392,3190,3189,3189,3189,3189,3189,3189,3189,100,97,95,87,4269,3893
393,3488,3488,3488,3488,3488,3488,3488,3488,104,102,99,90,4274,3889
394,3189,3189,3189,3189,3189,3189,3189,3189,99,96,95,87,4274,3889
395,3488,3488,3488,3488,3488,3488,3488,3488,104,102,99,90,4274,3889
396,3189,3189,3189,3189,3189,3189,3189,3189,99,96,94,87,4274,3889
398,3489,3488,3488,3488,3488,3488,3488,3488,105,102,99,91,4274,3889
399,3189,3189,3189,3189,3189,3189,3189,3189,98,95,94,87,4274,3893
400,3488,3488,3487,3485,3485,3485,3484,3453,104,102,99,90,4274,3885
